week,week_start,hours_at_max,gini_coeff
1,2019-01-01,136,0.07563025210084029
2,2019-01-08,66,0.18181818181818188
3,2019-01-15,101,0.24045261669024054
4,2019-01-22,47,0.2127659574468086
5,2019-01-29,139,0.10688591983556028
6,2019-02-05,75,0.1980952380952381
7,2019-02-12,94,0.24620060790273568
8,2019-02-19,44,0.20779220779220786
9,2019-02-26,0,NaN
10,2019-03-05,15,0.4190476190476191
11,2019-03-12,0,NaN
12,2019-03-19,4,0.8571428571428572
13,2019-03-26,15,0.4761904761904763
14,2019-04-02,47,0.19452887537993924
15,2019-04-09,10,0.34285714285714297
16,2019-04-16,61,0.16861826697892268
17,2019-04-23,120,0.06190476190476191
18,2019-04-30,68,0.18907563025210083
19,2019-05-07,59,0.2615012106537531
20,2019-05-14,145,0.07684729064039408
21,2019-05-21,168,0.0
22,2019-05-28,44,0.2402597402597404
23,2019-06-04,0,NaN
24,2019-06-11,0,NaN
25,2019-06-18,49,0.23323615160349864
26,2019-06-25,35,0.04897959183673484
27,2019-07-02,164,0.020905923344947785
28,2019-07-09,125,0.118857142857143
29,2019-07-16,151,0.07190160832544934
30,2019-07-23,168,0.0
31,2019-07-30,115,0.042236024844720665
32,2019-08-06,67,0.3454157782515992
33,2019-08-13,128,0.1495535714285714
34,2019-08-20,168,0.0
35,2019-08-27,128,0.06696428571428581
36,2019-09-03,96,0.3333333333333335
37,2019-09-10,112,0.14540816326530615
38,2019-09-17,164,0.017421602787456525
39,2019-09-24,0,NaN
40,2019-10-01,168,0.0
41,2019-10-08,4,0.7857142857142858
42,2019-10-15,55,0.22337662337662345
43,2019-10-22,66,0.303030303030303
44,2019-10-29,22,0.3376623376623378
45,2019-11-05,32,0.2857142857142858
46,2019-11-12,61,0.11709601873536313
47,2019-11-19,168,0.0
48,2019-11-26,168,0.0
49,2019-12-03,113,0.17193426042983573
50,2019-12-10,62,0.28110599078341014
51,2019-12-17,88,0.1558441558441559
52,2019-12-24,129,0.05537098560354381
