71	57933	Solar Star California II LLC	0
87	59979	Pittsburg Solar Energy Center	0
92	59323	Sacramento (SMUD)	0
99	59523	Five Points Solar Park	0
104	59317	Hecate Energy Beacon Solar 4	0
111	60389	RE Barren Ridge 1	0
113	60947	Jacumba Photovoltaic Solar Field	0
114	60187	Antelope DSR 2	0
118	61209	Sacramento Regional County Sanitation PV	0
119	59270	Victor Mesa Linda	0
130	59597	Colton Solar One	0
132	59840	Springbok Solar Farm	0
138	59738	Citizen B	0
139	57743	North Palm Springs 1A	0
141	60095	Blythe Solar IV	0
143	57305	Adelanto Solar Project	0
154	58206	West Gates Solar Station	0
158	58062	Imperial Valley Solar Company 1 LLC	0
160	59088	Calipatria Solar Farm	0
180	59550	Putah Creek Solar Farm	0
181	64521	Calipatria State Prison	0
189	62988	Wildflower Solar 1	0
214	60315	Midway Solar Farm III	0
215	59657	Imperial Valley Solar Co 2	0
217	66088	Putah Creek Solar Farm North	0
221	60995	Ramona Solar Energy	0
224	58525		0
228	64402	El Dorado County	0
281	57491	Imperial Solar Energy Center West	0
283	57378	AV Solar Ranch One	0
284	59976	RE Astoria	0
285	61445	Gaskell West 1 Solar Facility	0
288	62688	Malech Solar Farm	0
289	59940	Great Valley Solar	0
294	57833	Mustang Hills Wind Farm	0
295	59878	Windhub Solar A	0
296	57834	Pinyon Pine Wind Farm I and II	0
297	57701	Montezuma Wind II	0
299	56654	Hatchet Ridge Wind Project	0
300	50281	San Gorgonio Farms Wind Farm	0
301	56012	Whitewater Hill Wind Partners	0
302	57302	Garnet Wind Energy Center	0
303	56791	Dillon Wind	0
305	57792	Foundation IE	0
308	58592	Solar Gen 2 Solar Facility	0
309	58621	Sol Orchard El Centro PV	0
312	63859	Golden Field Solar III	0
313	60869	Solar Star California, XLIV	0
314	62463	Little Bear Solar	0
317	62178	Maverick Solar	0
319	62052	Citizens Imperial Solar	0
320	60336	Midway Solar Farm 1	0
321	60237	Midway Solar Farm II	0
324	50533	Painted Hills Wind Park	0
326	62287	Francisco St. Solar	0
327	62578	Preferred Freezer San Leandro	0
330	65523	CA-DGS-California Men's Colony	0
336	60033		0
338	63848	Solar Blue	0
339	61013	Marin Clean Energy Solar One	0
340	63421	Fresno Hoover High School Hybrid	0
341	61607	Stenner Creek Solar	0
355	64852	Daggett 3	0
365	57514	Ocotillo Express LLC	0
367	61202	Mount Signal Solar Farm V	0
368	62547	Aquamarine	0
369	63300	Athos Solar Project	0
370	63848	Solar Blue	0
371	65734	Oberon Solar Project	0
372	65735	Oberon II Solar Project	0
388	65053	Blythe Mesa Solar II	0
405	59939	RE Tranquillity	0
412	59525	Wright Solar Park	0
413	64290	SE Athos II, LLC	0
348	6099	Diablo Canyon	2
349	6099	Diablo Canyon	2
350	350	Ormond Beach	2
351	55518	High Desert Power Plant	2
352	315	AES Alamitos LLC	2
353	315	AES Alamitos LLC	2
354	260	Dynegy Moss Landing Power Plant Hybrid	2
356	55151	La Paloma Generating Plant	2
357	55151	La Paloma Generating Plant	2
358	55151	La Paloma Generating Plant	2
359	55217	Los Medanos Energy Center	2
360	392	Castaic	2
361	392	Castaic	2
362	392	Castaic	2
363	392	Castaic	2
364	392	Castaic	2
366	400	Haynes	2
373	55084	Crockett Cogen Project	2
374	260	Dynegy Moss Landing Power Plant Hybrid	2
375	260	Dynegy Moss Landing Power Plant Hybrid	2
376	260	Dynegy Moss Landing Power Plant Hybrid	2
377	260	Dynegy Moss Landing Power Plant Hybrid	2
378	260	Dynegy Moss Landing Power Plant Hybrid	2
379	260	Dynegy Moss Landing Power Plant Hybrid	2
380	62115	AES Alamitos Energy Center	2
381	62115	AES Alamitos Energy Center	2
382	62116	AES Huntington Beach Energy Project	2
383	62116	AES Huntington Beach Energy Project	2
384	400	Haynes	2
385	400	Haynes	2
386	58462	McCoy Solar Energy Project Hybrid	2
387	65857	Sunlight Storage	2
389	62115	AES Alamitos Energy Center	2
390	55333	Delta Energy Center	2
391	55112	Sutter Energy Center	2
392	55112	Sutter Energy Center	2
393	55333	Delta Energy Center	2
394	55333	Delta Energy Center	2
395	55182	Sunrise Power LLC	2
396	55182	Sunrise Power LLC	2
397	55345	Otay Mesa Generating Project	2
398	55345	Otay Mesa Generating Project	2
399	55518	High Desert Power Plant	2
400	55518	High Desert Power Plant	2
401	55518	High Desert Power Plant	2
402	57267	Marsh Landing Generating Station	2
403	57267	Marsh Landing Generating Station	2
404	57267	Marsh Landing Generating Station	2
406	56476	Gateway Generating Station	2
407	56476	Gateway Generating Station	2
408	55393	Metcalf Energy Center	2
409	55393	Metcalf Energy Center	2
410	56467	Russell City Energy Center	2
411	56467	Russell City Energy Center	2
414	55400	Elk Hills Power LLC	2
415	55400	Elk Hills Power LLC	2
