week_start,week_p_min,week_p_max,total_budget,leftover,hours_at_max
2019-01-01,38.27467,279.67507,10570.80301,4140.65845,17
2019-01-08,81.94581,327.56708,22632.01563,8865.119550000003,36
2019-01-15,68.09554,312.37816,18806.80997,7366.759249999999,30
2019-01-22,71.82357,316.46651,19836.4282,7770.068439999997,31
2019-01-29,54.69293,297.68017,15105.241630000002,5916.829390000003,24
2019-02-05,42.76664,284.60119,11811.40729,4626.611769999999,19
2019-02-12,43.67341,285.5956,12061.84206,4724.709180000002,19
2019-02-19,41.83127,283.57541,11553.07278,4525.41942,18
2019-02-26,94.13401,340.93328,25998.185230000003,10183.671550000003,41
2019-03-05,257.45662,520.04125,71105.06911,27852.35695,106
2019-03-12,241.63611,502.69166,66735.71647,26140.849990000002,100
2019-03-19,221.85822,481.00221,61273.40484,24001.223880000005,92
2019-03-26,268.74025,532.41546,74221.41296,29073.05096,110
2019-04-02,327.59115,596.95438,90475.01278000002,35439.699580000015,131
2019-04-09,332.00168,601.79119,91693.12504,35916.8428,133
2019-04-16,294.62969,560.80715,81371.62903,31873.84111,119
2019-04-23,265.71883,529.10201,73386.9465,28746.183060000003,109
2019-04-30,234.55062,494.92135,64778.82636,25374.322199999995,97
2019-05-07,176.06282,430.78062,48625.50696,19046.9532,74
2019-05-14,174.70254,429.28887,48249.82122,18899.794499999996,74
2019-05-21,180.60224,435.75879,49879.21669,19538.040370000002,76
2019-05-28,171.04671,425.2797,47240.14480999999,18504.297529999993,72
2019-06-04,251.55064,513.56445,69473.93962,27213.432100000005,103
2019-06-11,278.61735,543.24719,76949.29628,30141.581479999993,113
2019-06-18,150.72182,402.99038,41626.76065,16305.494889999994,64
2019-06-25,177.56141,432.42406,49039.3934,19209.076520000002,75
2019-07-02,159.5656,412.68892,44069.25925,17262.238450000004,68
2019-07-09,181.85661,437.1344,50225.65251,19673.74203,77
2019-07-16,193.87654,450.31607,53545.349539999996,20974.090819999994,81
2019-07-23,197.31644,454.08844,54495.39148,21346.22956,83
2019-07-30,204.85599,462.3567,56577.68471999999,22161.878399999994,86
2019-08-06,180.46425,435.60746,49841.10695,19523.112950000002,76
2019-08-13,201.65917,458.85089,55694.77578,21816.035220000005,84
2019-08-20,226.11881,485.67459,62450.10603,24462.145950000006,94
2019-08-27,185.89608,441.56428,51341.28334,20110.7419,78
2019-09-03,187.21984,443.01598,51706.88235,20253.94923,79
2019-09-10,187.52142,443.34672,51790.17551999999,20286.576959999988,79
2019-09-17,138.59061,389.68668,38276.33053,14993.108049999999,59
2019-09-24,137.44226,388.42733,37959.17523,14868.87555,59
2019-10-01,160.08527,413.25883,44212.78547,17318.46011,68
2019-10-08,139.32959,390.49708,38480.42489,15073.053770000002,60
2019-10-15,117.97238,367.07566,32581.930960000005,12762.571120000004,51
2019-10-22,105.0974,352.95631,29026.08663,11369.723430000002,45
2019-10-29,75.50575,320.50458,20853.38234,8168.41634,33
2019-11-05,88.70752,334.98232,24499.48444,9596.621079999999,38
2019-11-12,98.27936,345.47929,27143.06013,10632.127650000002,43
2019-11-19,86.2085,332.24176,23809.29693,9326.26893,37
2019-11-26,89.38436,335.72457,24686.414,9669.84152,39
2019-12-03,94.91285,341.7874,26213.2878,10267.928999999996,41
2019-12-10,88.35512,334.59586,24402.15734,9558.497180000002,38
2019-12-17,88.91097,335.20543,24555.673000000003,9618.630040000002,39
2019-12-24,80.34491,325.81146,22189.87666,8691.931780000003,35
