gencost_row	PlantCode	GenID	reason
1	34	1P	no_match
2	151	1	no_match
3	151	2	no_match
4	161	1	no_match
5	161	2	no_match
6	161	3	no_match
7	162	1	no_match
8	162	2	no_match
9	180	1	no_match
10	214	1	no_match
11	215	1	no_match
12	219	1	no_match
13	220	H1	no_match
14	220	H2	no_match
16	222	1	no_match
18	222	3	no_match
19	223	4	no_match
20	223	5	no_match
21	227	1	no_match
22	229	1	no_match
23	229	2	no_match
24	235	1	no_match
25	235	2	no_match
26	235	3	no_match
28	237	1	no_match
29	238	1	no_match
31	239	1	no_match
32	239	2	no_match
33	239	3	no_match
35	240	H2	no_match
36	241	1	no_match
37	242	1	no_match
38	242	2	no_match
39	243	1	no_match
40	244	1	no_match
41	246	IC1	no_match
42	246	IC10	no_match
43	246	IC2	no_match
44	246	IC3	no_match
45	246	IC4	no_match
46	246	IC5	no_match
47	246	IC6	no_match
48	246	IC7	no_match
49	246	IC8	no_match
50	246	IC9	no_match
51	248	1	no_match
53	249	2	no_match
54	250	H1	no_match
55	250	H3	no_match
56	253	1	no_match
57	258	1	no_match
64	261	1	no_match
65	264	1	no_match
67	265	H2	no_match
68	267	1	no_match
69	267	2	no_match
71	268	H2	no_match
72	268	H3	no_match
73	268	H4	no_match
74	269	H1	no_match
75	269	H2	no_match
76	274	1	no_match
77	274	2	no_match
78	274	3	no_match
79	275	H1	no_match
80	275	H2	no_match
81	279	1	no_match
82	279	2	no_match
83	280	1	no_match
84	281	1	no_match
85	282	1	no_match
86	283	1	no_match
87	284	1	no_match
89	287	H1	no_match
90	287	H2	no_match
91	289	1	no_match
92	289	2	no_match
93	290	1	no_match
94	291	1	no_match
95	292	1	no_match
96	292	2	no_match
97	294	1	no_match
98	294	2	no_match
99	295	1	no_match
100	295	2	no_match
101	296	1	no_match
102	296	2	no_match
103	296	3	no_match
104	297	1	no_match
105	314	1	no_match
106	314	2	no_match
110	318	3	no_match
111	318	4	no_match
114	319	1	no_match
115	319	2	no_match
116	319	3	no_match
117	319	4	no_match
120	321	2	no_match
121	322	1	no_match
122	322	2	no_match
123	323	1	no_match
124	323	2	no_match
125	323	3	no_match
126	324	1	no_match
127	324	2	no_match
128	324	3	no_match
129	325	1	no_match
130	325	2	no_match
131	325	3	no_match
132	325	4	no_match
133	325	5	no_match
134	326	1	no_match
135	326	2	no_match
136	327	1	no_match
137	328	1	no_match
138	328	2	no_match
139	328	3	no_match
140	332	1	no_match
141	332	2	no_match
143	337	1	no_match
144	339	1	no_match
145	339	2	no_match
146	340	1	no_match
147	340	2	no_match
148	340	3	no_match
149	340	4	no_match
150	341	CT1	no_match
151	341	CT2	no_match
152	341	CT3	no_match
153	341	CT4	no_match
155	344	2	no_match
158	353	1	no_match
159	356	5	no_match
160	356	6	no_match
161	356	8	no_match
162	357	1	no_match
163	357	2	no_match
164	358	MV3A	no_match
165	358	MV3B	no_match
167	358	MV4A	no_match
168	358	MV4B	no_match
169	358	MV4C	no_match
170	361	1	no_match
171	361	2	no_match
172	361	3	no_match
173	361	4	no_match
174	365	1	no_match
175	365	2	no_match
176	376	1	no_match
177	376	2	no_match
178	376	3	no_match
179	377	1	no_match
180	377	2	no_match
181	377	3	no_match
182	377	4	no_match
183	377	5	no_match
184	377	8A	no_match
185	377	8BC	no_match
186	377	9	no_match
187	380	1	no_match
188	380	2	no_match
190	382	2	no_match
191	382	3	no_match
193	385	2	no_match
195	386	2	no_match
197	387	2	no_match
199	388	2	no_match
200	389	2	no_match
202	389	30	no_match
203	389	31	no_match
204	389	32	no_match
205	389	4	no_match
206	389	BESS	no_match
207	391	1	no_match
208	396	1	no_match
209	397	1	no_match
210	398	1	no_match
211	398	2	no_match
212	399	10A	no_match
213	399	10B	no_match
214	399	5	no_match
215	399	GT10	no_match
216	399	GT11	no_match
217	399	GT12	no_match
218	399	GT13	no_match
219	399	GT14	no_match
221	400	10	no_match
222	400	11	no_match
223	400	12	no_match
224	400	13	no_match
225	400	14	no_match
226	400	15	no_match
227	400	16	no_match
230	400	9	no_match
231	401	1	no_match
232	403	1	no_match
233	403	2	no_match
234	404	1	no_match
235	404	2	no_match
237	404	5	no_match
238	404	6	no_match
239	404	7	no_match
241	408	5	no_match
242	408	6	no_match
243	408	7	no_match
245	410	1	no_match
247	413	3P	no_match
248	414	1	no_match
249	415	H1	no_match
250	416	1	no_match
251	416	2	no_match
252	416	3	no_match
253	418	1	no_match
254	422	GT1	no_match
255	422	GT2	no_match
256	422	GT3	no_match
257	422	GT4	no_match
258	422	GT5	no_match
259	422	ST1	no_match
260	424	1	no_match
262	425	2	no_match
263	426	1	no_match
264	427	1	no_match
266	430	H2	no_match
268	431	H2	no_match
269	432	H1	no_match
270	433	1	no_match
271	436	1	no_match
272	436	2	no_match
273	436	3	no_match
274	436	4	no_match
276	437	2	no_match
277	437	3	no_match
278	437	4	no_match
279	437	5	no_match
280	437	6	no_match
281	439	1	no_match
282	439	2	no_match
283	439	3	no_match
284	439	4	no_match
286	441	2	no_match
287	441	3	no_match
289	442	2	no_match
290	443	1	no_match
291	443	2	no_match
292	443	3	no_match
293	444	1	no_match
294	444	2	no_match
296	445	2	no_match
297	445	3	no_match
298	445	4	no_match
299	445	5	no_match
300	445	S1	no_match
301	445	S2	no_match
303	447	2	no_match
304	447	3	no_match
305	447	4	no_match
307	448	2	no_match
308	448	3	no_match
309	448	4	no_match
310	448	5	no_match
311	448	6	no_match
312	448	7	no_match
313	448	8	no_match
315	450	2	no_match
317	451	2	no_match
318	454	1	no_match
319	454	2	no_match
320	457	HC1	no_match
321	457	HC2	no_match
322	479	1	no_match
323	480	1	no_match
324	481	1	no_match
325	482	1	no_match
326	483	1	no_match
327	487	1	no_match
329	537	1	no_match
330	537	2	no_match
331	537	3	no_match
332	585	1	no_match
333	585	2	no_match
334	585	3	no_match
335	586	1	no_match
336	626	1	no_match
337	632	1	no_match
339	745	1	no_match
340	776	1	no_match
341	839	7P	no_match
342	902	1	no_match
343	905	1	no_match
345	4256	2	no_match
347	6060	2	no_match
348	6060	3	no_match
349	6060	4	no_match
353	6158	2	no_match
354	6196	1	no_match
355	6196	2	no_match
357	6211	GEN2	no_match
358	6211	GEN3	no_match
359	6449	1	no_match
360	6480	1	no_match
361	6480	2	no_match
362	6480	3	no_match
363	6518	KB1	no_match
364	6518	KB2	no_match
365	6518	KB3	no_match
366	6518	KB4	no_match
367	6518	KB5	no_match
368	6518	KB6	no_match
370	6643	1	no_match
371	6644	1	no_match
372	6645	1	no_match
373	6645	2	no_match
374	6646	1	no_match
375	6647	1	no_match
376	7066	1	no_match
377	7066	2	no_match
378	7072	1	no_match
379	7072	2	no_match
380	7072	3	no_match
381	7129	TD1	no_match
382	7147	3	no_match
383	7147	4	no_match
384	7147	5	no_match
385	7151	1	no_match
386	7151	2	no_match
387	7189	1	no_match
388	7232	1	no_match
389	7232	2	no_match
390	7266	2	no_match
391	7266	3	no_match
392	7266	3A	no_match
393	7266	3B	no_match
394	7266	3C	no_match
395	7266	3D	no_match
396	7266	3E	no_match
397	7266	3F	no_match
398	7266	NA1	no_match
399	7307	1	no_match
400	7307	2	no_match
401	7307	3	no_match
402	7307	4	no_match
403	7307	5	no_match
404	7307	6	no_match
405	7338	NA1	no_match
406	7368	1	no_match
407	7368	2	no_match
408	7436	JH1	no_match
409	7436	JH2	no_match
410	7436	JH3	no_match
411	7436	JH4	no_match
412	7436	JH5	no_match
413	7449	NA1	no_match
414	7450	1	no_match
415	7450	2	no_match
416	7507	1	no_match
417	7526	1	no_match
418	7526	2	no_match
419	7526	2B	no_match
420	7526	3	no_match
422	7551	CT1A	no_match
423	7551	CT1B	no_match
424	7551	CT1C	no_match
426	7552	CCST	no_match
427	7824	1	no_match
428	7824	2	no_match
429	7907	1	no_match
430	7907	2	no_match
431	7907	3	no_match
432	7911	1	no_match
433	7942	10	no_match
434	7942	11	no_match
435	7942	12	no_match
436	7942	2	no_match
437	7942	3	no_match
438	7942	4	no_match
439	7942	6	no_match
440	7942	7	no_match
441	7942	8	no_match
442	7987	L1	no_match
443	8076	1	no_match
444	10005	WTGS	no_match
445	10026	EG10	no_match
446	10026	EG20	no_match
447	10026	EG30	no_match
448	10026	EG40	no_match
449	10034	GEN1	no_match
450	10034	GEN2	no_match
451	10042	KDHT1	no_match
452	10052	GEN1	no_match
453	10091	G2	no_match
454	10091	G3	no_match
455	10091	GEN1	no_match
456	10091	GEN4	no_match
457	10110	GEN1	no_match
458	10115	GEN3	no_match
459	10128	GEN1	no_match
460	10128	GEN2	no_match
461	10139	GEN1	no_match
462	10139	GEN2	no_match
463	10144	GEN4	no_match
464	10169	GEN1	no_match
465	10169	GEN2	no_match
466	10175	1711	no_match
467	10175	5083	no_match
468	10175	5084	no_match
469	10175	5085	no_match
470	10191	EXIS	no_match
471	10206	GEN1	no_match
472	10206	GEN2	no_match
474	10213	GEN2	no_match
475	10213	GEN5	no_match
476	10213	GEN6	no_match
477	10213	GEN7	no_match
478	10213	GEN8	no_match
479	10288	IS27	no_match
480	10294	GTG	no_match
481	10294	STG	no_match
482	10300	GEN1	no_match
483	10349	GEN1	no_match
484	10387	1A	no_match
485	10387	2A	no_match
486	10387	3	no_match
487	10405	GEN1	no_match
488	10405	GEN2	no_match
489	10427	GEN2	no_match
490	10427	GEN3	no_match
491	10437	SUN2	no_match
492	10438	SUN3	no_match
493	10439	GEN1	no_match
494	10440	GEN1	no_match
495	10441	GEN1	no_match
496	10442	GEN1	no_match
497	10443	GEN1	no_match
498	10444	GEN1	no_match
499	10446	GEN1	no_match
500	10458	GEN1	no_match
501	10472	GEN1	no_match
502	10479	T101	no_match
503	10479	T102	no_match
504	10479	T103	no_match
505	10480	GEN1	no_match
506	10480	GEN2	no_match
507	10481	1	no_match
508	10481	2	no_match
509	10481	3	no_match
510	10496	GTAG	no_match
511	10496	GTBG	no_match
512	10496	GTCG	no_match
513	10496	GTDG	no_match
514	10501	K100	no_match
515	10548	GEN1	no_match
516	10586	EXIS	no_match
517	10597	WGN1	no_match
518	10601	GEN1	no_match
519	10623	GEN1	no_match
520	10623	GEN2	no_match
521	10631	GEN1	no_match
522	10632	GEN1	no_match
523	10634	GEN1	no_match
524	10661	GEN4	no_match
525	10677	UNT2	no_match
526	10677	UNT3	no_match
527	10684	TG8	no_match
528	10684	TG9	no_match
529	10685	PINA	no_match
530	10708	GEN1	no_match
531	10709	GEN1	no_match
532	10718	WND	no_match
533	10748	U1C06	no_match
534	10748	U2J02	no_match
535	10748	U3J17	no_match
536	10748	U4J16	no_match
537	10759	GEN1	no_match
538	10763	GBU	no_match
539	10763	GEN1	no_match
540	10764	GEN1	no_match
541	10767	GEN1	no_match
542	10776	GTG	no_match
543	10777	GEN1	no_match
544	10836	GEN1	no_match
545	10837	GEN1	no_match
546	10840	GEN1	no_match
547	10840	GEN2	no_match
548	10873	GEN1	no_match
549	10873	GEN2	no_match
550	10873	GEN3	no_match
551	10874	GEN4	no_match
552	10874	GEN5	no_match
553	10874	GEN6	no_match
554	10875	GEN7	no_match
555	10875	GEN8	no_match
556	10875	GEN9	no_match
557	10880	GEN1	no_match
558	10884	CTC1	no_match
559	10884	CTC2	no_match
560	50003	GEN1	no_match
561	50037	UNT2	no_match
562	50049	GEN1	no_match
563	50049	GEN2	no_match
564	50049	GEN3	no_match
565	50061	GEN2	no_match
566	50061	GEN3	no_match
567	50061	GEN4	no_match
568	50061	GEN5	no_match
569	50061	GEN6	no_match
570	50061	GEN7	no_match
571	50061	GEN8	no_match
572	50076	UNT1	no_match
573	50076	UNT2	no_match
574	50089	S-17	no_match
575	50115	GEN1	no_match
576	50119	GENA	no_match
577	50119	GENB	no_match
578	50119	GENC	no_match
579	50131	K100	no_match
580	50134	GTAG	no_match
581	50134	GTBG	no_match
582	50134	GTCG	no_match
583	50134	GTDG	no_match
584	50147	1	no_match
585	50156	GEN1	no_match
586	50170	GEN1	no_match
587	50179	GEN1	no_match
588	50179	GEN2	no_match
589	50180	GEN1	no_match
590	50200	GEN1	no_match
591	50200	GEN2	no_match
592	50210	GEN1	no_match
593	50210	GEN2	no_match
595	50216	GN92	no_match
596	50216	GN93	no_match
597	50216	GN94	no_match
598	50216	GN95	no_match
599	50216	GN96	no_match
600	50218	U1	no_match
601	50223	1296	no_match
602	50224	7610	no_match
603	50224	7710	no_match
604	50224	7810	no_match
605	50234	2074	no_match
606	50234	2075	no_match
607	50234	2076	no_match
608	50276	EXIS	no_match
610	50293	GEN1	no_match
611	50300	BESS1	no_match
612	50363	L313	no_match
613	50375	GEN1	no_match
614	50386	WING	no_match
615	50388	GEN1	no_match
616	50393	FR1	no_match
617	50393	M1	no_match
618	50393	RO1	no_match
619	50393	RO2	no_match
620	50400	GEN1	no_match
621	50464	GEN1	no_match
622	50464	GEN2	no_match
623	50485	GEN1	no_match
624	50485	GEN2	no_match
625	50492	1	no_match
626	50492	2	no_match
627	50492	3	no_match
628	50493	DC1	no_match
629	50493	DC2	no_match
630	50494	KF1	no_match
631	50494	KF2	no_match
632	50495	HS1	no_match
633	50495	HS2	no_match
634	50530	GEN1	no_match
635	50530	GEN2	no_match
636	50530	GEN3	no_match
637	50532	15SLE	no_match
638	50532	WGNS	no_match
639	50535	WGNS	no_match
640	50536	WGNS	no_match
641	50537	GEN1	no_match
642	50540	GEN2	no_match
644	50541	ST1	no_match
645	50541	ST2	no_match
646	50552	WGNS	no_match
647	50553	1	no_match
648	50560	GEN1	no_match
649	50571	GEN1	no_match
650	50571	GEN2	no_match
651	50610	1	no_match
652	50612	GEN1	no_match
653	50622	GEN1	no_match
654	50622	GEN2	no_match
655	50623	GENA	no_match
656	50623	GENB	no_match
657	50623	GENC	no_match
658	50623	GEND	no_match
659	50624	EXP1	no_match
660	50624	GTG1	no_match
661	50624	STG1	no_match
662	50632	GEN1	no_match
663	50674	GEN1A	no_match
664	50690	GEN1	no_match
665	50696	GEN1	no_match
666	50696	GEN2	no_match
667	50696	GEN3	no_match
668	50748	GEN1	no_match
669	50748	GEN2	no_match
670	50750	GEN1	no_match
671	50750	GEN2	no_match
672	50751	GTG1	no_match
673	50751	GTG2	no_match
674	50751	GTG3	no_match
675	50752	GEN1	no_match
676	50752	GEN2	no_match
677	50752	GEN3	no_match
678	50754	GEN1	no_match
679	50754	GEN2	no_match
680	50754	GEN3	no_match
681	50754	GEN4	no_match
682	50820	GEN1	no_match
683	50821	GEN1	no_match
684	50823	GEN1	no_match
685	50831	GEN1	no_match
686	50831	GEN2	no_match
687	50831	GEN3	no_match
688	50849	GEN1	no_match
689	50849	GEN2	no_match
691	50850	GEN2	no_match
692	50851	GEN1	no_match
693	50851	GEN2	no_match
694	50865	K100	no_match
695	50961	GEN1	no_match
696	50963	4TG	no_match
697	50964	IND	no_match
698	50964	SYN	no_match
699	50985	3163	no_match
700	50985	3164	no_match
701	50985	3165	no_match
702	52063	GEN1	no_match
703	52064	GEN1	no_match
704	52073	GEN1	no_match
705	52073	GEN2	no_match
706	52073	GEN3	no_match
707	52076	UNIT1	no_match
708	52076	UNIT2	no_match
709	52078	GEN7	no_match
710	52078	GEN8	no_match
711	52078	GEN9	no_match
712	52081	TG1	no_match
713	52081	TG2	no_match
714	52082	TG1	no_match
715	52082	TG2	no_match
716	52083	TG1	no_match
717	52083	TG2	no_match
718	52085	TG1	no_match
719	52085	TG2	no_match
720	52085	TG3	no_match
721	52085	TG4	no_match
722	52086	TG1	no_match
723	52086	TG2	no_match
724	52086	TG3	no_match
725	52086	TG4	no_match
726	52096	GEN1	no_match
727	52096	GEN2	no_match
728	52099	GEN1	no_match
729	52099	GEN2	no_match
730	52099	GEN3	no_match
731	52099	GEN4	no_match
732	52099	GEN5	no_match
733	52099	GEN6	no_match
734	52104	GEN1	no_match
735	52104	GEN2	no_match
736	52104	GEN3	no_match
737	52104	GEN4	no_match
738	52107	101A	no_match
739	52107	101B	no_match
740	52109	GEN1	no_match
741	52109	GEN2	no_match
742	52109	GEN5	no_match
743	52142	GEN1	no_match
744	52143	GEN1	no_match
745	52144	GEN1	no_match
746	52147	GEN1	no_match
747	52147	GEN2	no_match
748	52147	GEN3	no_match
749	52160	WGNS	no_match
750	52161	WGNS	no_match
751	52162	WGNS	no_match
752	52163	WTGN	no_match
753	52165	WGNS	no_match
754	52186	GEN1	no_match
755	54015	GEN2	no_match
756	54017	U1	no_match
757	54017	U2	no_match
758	54038	GEN1	no_match
759	54238	STG	no_match
760	54296	BATT	no_match
761	54296	EG1	no_match
762	54296	EG2	no_match
763	54296	EG3	no_match
764	54298	GEWE	no_match
765	54299	GEWE	no_match
766	54300	GEWE	no_match
767	54300	SX1S	no_match
768	54308	1	no_match
769	54337	1	no_match
770	54337	2	no_match
771	54343	GEN1	no_match
772	54410	CTG	no_match
773	54447	TI	no_match
774	54449	T1	no_match
775	54449	T2	no_match
776	54451	G1	no_match
777	54451	G2	no_match
778	54453	GEN2	no_match
779	54454	GEN11	no_match
780	54554	GEN1	no_match
781	54554	GEN2	no_match
782	54554	GEN3	no_match
783	54567	1	no_match
784	54567	2	no_match
785	54567	3	no_match
786	54567	4	no_match
787	54567	5	no_match
788	54647	EXIS	no_match
789	54650	EXI2	no_match
790	54650	EXIS	no_match
791	54654	KEK1	no_match
792	54681	EXIS	no_match
793	54682	EXIS	no_match
794	54685	EXIS	no_match
795	54686	EXIS	no_match
796	54689	1	no_match
797	54689	2	no_match
798	54689	3	no_match
799	54689	4	no_match
800	54749	CTG	no_match
801	54749	STG	no_match
802	54750	VW1	no_match
803	54909	EXI2	no_match
804	54909	EXIS	no_match
806	54912	GTG2	no_match
807	54912	STG1	no_match
808	54931	WGN1	no_match
809	54936	3	no_match
810	54951	EG1	no_match
811	54951	EG2	no_match
812	54951	EG3	no_match
813	54996	4100	no_match
815	55094	UNT1	no_match
816	55094	UNT2	no_match
817	55094	UNT3	no_match
818	55094	UNT4	no_match
826	55161	UNT1	no_match
830	55184	UN-A	no_match
831	55184	UN-B	no_match
832	55217	CTG1	no_match
833	55217	CTG2	no_match
836	55295	CT2	no_match
838	55345	44927	no_match
839	55345	44928	no_match
840	55345	44929	no_match
844	55396	WGNS	no_match
850	55510	CPP4	no_match
858	55541	CTG1	no_match
859	55541	CTG2	no_match
860	55541	CTG3	no_match
861	55542	CTG1	no_match
862	55542	CTG2	no_match
863	55557	T101	no_match
864	55602	UNT1	no_match
865	55602	UNT2	no_match
866	55602	UNT3	no_match
867	55602	UNT4	no_match
868	55603	UNT1	no_match
869	55625	CT1	no_match
870	55626	CT1	no_match
871	55627	CT1	no_match
872	55656	CT01	no_match
873	55656	CT02	no_match
874	55656	CT04	no_match
876	55656	ST05	no_match
877	55698	HEP1	no_match
878	55698	HEP2	no_match
879	55719	GEN2	no_match
880	55719	GENI	no_match
882	55748	CTG1	no_match
883	55748	CTG2	no_match
884	55748	CTG3	no_match
885	55748	CTG4	no_match
886	55807	HPP1	no_match
887	55807	HPP2	no_match
888	55810	S3	no_match
889	55810	S4	no_match
890	55810	S5	no_match
892	55855	CTG1	no_match
895	55933	TPP1	no_match
896	55933	TPP2	no_match
897	55934	C1	no_match
898	55934	C2	no_match
899	55934	C3	no_match
900	55934	C4	no_match
901	55935	D1	no_match
902	55935	D2	no_match
903	55935	D3	no_match
904	55935	D4	no_match
905	55951	AMP1	no_match
907	55983	TG51	no_match
908	55984	TG21	no_match
912	56011	V-47	no_match
914	56026	CTG1	no_match
915	56026	CTG2	no_match
917	56039	G1	no_match
918	56039	G2	no_match
919	56041	M1	no_match
920	56041	M2	no_match
921	56041	M3	no_match
922	56046	1	no_match
923	56046	2	no_match
924	56051	GEN1	no_match
925	56075	1	no_match
926	56075	2	no_match
927	56078	1	no_match
928	56078	2	no_match
929	56078	3	no_match
930	56080	EG1	no_match
931	56080	EG2	no_match
932	56080	EG3	no_match
933	56090	D182	no_match
934	56090	D189	no_match
935	56090	D190	no_match
936	56112	V47	no_match
937	56125	4152	no_match
938	56134	101	no_match
939	56134	301	no_match
940	56134	401	no_match
941	56143	1	no_match
942	56143	2	no_match
943	56143	3	no_match
944	56143	4	no_match
945	56144	1	no_match
946	56144	2	no_match
947	56144	3	no_match
948	56144	4	no_match
949	56184	IC1	no_match
950	56184	IC10	no_match
951	56184	IC11	no_match
952	56184	IC12	no_match
953	56184	IC13	no_match
954	56184	IC14	no_match
955	56184	IC15	no_match
956	56184	IC16	no_match
957	56184	IC2	no_match
958	56184	IC3	no_match
959	56184	IC4	no_match
960	56184	IC5	no_match
961	56184	IC6	no_match
962	56184	IC7	no_match
963	56184	IC8	no_match
964	56184	IC9	no_match
965	56232	1	no_match
966	56232	2	no_match
967	56239	GT-1	no_match
968	56239	GT-2	no_match
969	56271	VEST	no_match
970	56275	WGNS	no_match
971	56276	WGNS	no_match
972	56284	EPG	no_match
973	56295	1	no_match
974	56302	1	no_match
975	56346	ICE1	no_match
976	56346	ICE2	no_match
977	56346	ICE3	no_match
978	56346	ICE4	no_match
979	56346	ICE5	no_match
980	56346	ICE6	no_match
981	56346	ICE7	no_match
982	56356	CT1	no_match
983	56356	ST1	no_match
984	56362	1	no_match
985	56428	Unit1	no_match
986	56428	Unit2	no_match
987	56428	Unit3	no_match
988	56446	1	no_match
992	56469	1	no_match
993	56471	1	no_match
995	56472	BA1	no_match
998	56475	1	no_match
999	56475	BA1	no_match
1003	56532	A	no_match
1004	56532	B	no_match
1007	56569	2	no_match
1008	56570	WGNS	no_match
1009	56615	G100	no_match
1011	56639	2	no_match
1013	56707	AMPC	no_match
1014	56768	CR1	no_match
1017	56803	2	no_match
1018	56803	3	no_match
1019	56803	4	no_match
1020	56814	PV1	no_match
1021	56814	PV2	no_match
1022	56832	GE1	no_match
1023	56832	GE2	no_match
1024	56832	GE3	no_match
1025	56832	GE4	no_match
1026	56832	GE5	no_match
1027	56862	1	no_match
1028	56862	2	no_match
1029	56862	3	no_match
1030	56862	4	no_match
1031	56875	TBD	no_match
1032	56895	1	no_match
1033	56895	2	no_match
1034	56895	3	no_match
1035	56895	4	no_match
1036	56895	5	no_match
1037	56895	6	no_match
1038	56897	1	no_match
1039	56897	2	no_match
1040	56898	1	no_match
1041	56898	2	no_match
1042	56909	1	no_match
1043	56909	2	no_match
1044	56909	3	no_match
1045	56909	4	no_match
1046	56914	CTG1	no_match
1047	56914	CTG2	no_match
1048	56939	1	no_match
1049	56996	S1A	no_match
1050	56996	S1B	no_match
1051	57004	1	no_match
1052	57005	1	no_match
1053	57006	1	no_match
1054	57007	1	no_match
1055	57009	1	no_match
1056	57010	1	no_match
1057	57011	1	no_match
1058	57012	1	no_match
1059	57027	CPP1	no_match
1061	57027	CPP3	no_match
1062	57027	CPP4	no_match
1063	57041	1	no_match
1064	57042	1	no_match
1065	57043	1	no_match
1066	57043	2	no_match
1067	57102	EN01	no_match
1068	57102	EN02	no_match
1069	57122	CTG1	no_match
1070	57122	STG1	no_match
1071	57133	359	no_match
1072	57133	361	no_match
1073	57154	1209	no_match
1074	57163	GEN1	no_match
1075	57163	GEN3	no_match
1076	57217	S003A	no_match
1077	57217	S003B	no_match
1078	57219	S005A	no_match
1079	57219	S005B	no_match
1080	57219	S005C	no_match
1081	57219	S005D	no_match
1082	57219	S005E	no_match
1083	57220	S006A	no_match
1084	57220	S006B	no_match
1085	57220	S006C	no_match
1086	57220	S006D	no_match
1087	57221	S007A	no_match
1088	57221	S007B	no_match
1089	57221	S007C	no_match
1090	57221	S007D	no_match
1091	57221	S007E	no_match
1092	57222	S008A	no_match
1093	57222	S008B	no_match
1094	57222	S008C	no_match
1095	57222	S008D	no_match
1096	57223	S009A	no_match
1097	57223	S009B	no_match
1098	57224	S010A	no_match
1099	57224	S010B	no_match
1100	57224	S010C	no_match
1101	57225	S011A	no_match
1102	57225	S011B	no_match
1103	57225	S011C	no_match
1104	57225	S011D	no_match
1105	57225	S011E	no_match
1106	57225	S011F	no_match
1107	57225	S011G	no_match
1108	57226	S012A	no_match
1109	57227	S013A	no_match
1110	57227	S013B	no_match
1111	57227	S013C	no_match
1112	57227	S013D	no_match
1113	57227	S013E	no_match
1114	57227	S013F	no_match
1115	57227	S013G	no_match
1116	57229	S015A	no_match
1117	57229	S015B	no_match
1118	57229	S015C	no_match
1119	57229	S015D	no_match
1120	57229	S015E	no_match
1121	57229	S015F	no_match
1122	57229	S015G	no_match
1123	57230	S016A	no_match
1124	57230	S016B	no_match
1125	57230	S016C	no_match
1126	57231	S017A	no_match
1127	57231	S017B	no_match
1128	57231	S017C	no_match
1129	57231	S017D	no_match
1130	57231	S017E	no_match
1131	57231	S017F	no_match
1132	57231	S017G	no_match
1133	57232	S018A	no_match
1134	57232	S018B	no_match
1135	57232	S018C	no_match
1136	57236	S023A	no_match
1137	57236	S023B	no_match
1138	57236	S023C	no_match
1139	57236	S023D	no_match
1140	57236	S023E	no_match
1141	57245	S026A	no_match
1142	57245	S026B	no_match
1143	57245	S026C	no_match
1144	57245	S026D	no_match
1145	57245	S026E	no_match
1146	57245	S026F	no_match
1147	57245	S026G	no_match
1148	57245	S026H	no_match
1149	57245	S026I	no_match
1150	57245	S026J	no_match
1151	57245	SO26K	no_match
1152	57245	SO26L	no_match
1153	57246	S027A	no_match
1154	57246	S027B	no_match
1155	57246	S027C	no_match
1156	57246	S027D	no_match
1157	57247	S028A	no_match
1158	57247	S028B	no_match
1159	57247	S028C	no_match
1160	57247	S028D	no_match
1161	57247	S028E	no_match
1162	57247	S028F	no_match
1163	57247	S028G	no_match
1168	57282	AW01	no_match
1169	57291	AW02	no_match
1170	57292	AW03	no_match
1171	57293	AW04	no_match
1172	57294	AW05	no_match
1173	57295	1	no_match
1174	57301	DEC	no_match
1177	57308	1	no_match
1178	57309	1	no_match
1179	57310	1	no_match
1180	57311	1	no_match
1181	57313	1	no_match
1182	57314	1	no_match
1183	57323	UNIT1	no_match
1184	57331	MSP1	no_match
1185	57331	MSP2	no_match
1186	57340	1	no_match
1187	57359	1	no_match
1188	57360	1	no_match
1189	57361	1	no_match
1190	57364	1	no_match
1191	57364	2	no_match
1193	57394	GEN01	no_match
1194	57394	GEN02	no_match
1195	57422	1	no_match
1196	57439	HPR2	no_match
1197	57439	HPR2A	no_match
1198	57439	HPR2B	no_match
1199	57439	HPR2C	no_match
1200	57439	HPR2D	no_match
1201	57441	S42A	no_match
1202	57441	S42B	no_match
1203	57441	S42C	no_match
1204	57441	S42D	no_match
1205	57441	S42E	no_match
1206	57441	S42F	no_match
1207	57441	S42G	no_match
1208	57441	S42H	no_match
1209	57441	S42I	no_match
1210	57441	S42J	no_match
1211	57455	SB1	no_match
1212	57459	1	no_match
1213	57460	CL00	no_match
1214	57460	CL01	no_match
1215	57460	CL02	no_match
1216	57460	CL03	no_match
1217	57460	CL04	no_match
1218	57460	CL05	no_match
1219	57460	CL06	no_match
1220	57460	CL07	no_match
1221	57460	CL08	no_match
1222	57460	CL09	no_match
1223	57460	CL10	no_match
1226	57482	CTG2	no_match
1227	57482	CTG3	no_match
1228	57482	CTG4	no_match
1229	57482	CTG5	no_match
1230	57482	CTG6	no_match
1231	57482	CTG7	no_match
1232	57482	CTG8	no_match
1233	57483	CTG1	no_match
1234	57483	CTG2	no_match
1235	57483	CTG3	no_match
1236	57483	CTG4	no_match
1237	57484	GEN1	no_match
1238	57490	56819	no_match
1240	57497	1	no_match
1241	57498	1	no_match
1242	57499	1	no_match
1243	57506	SEIM	no_match
1245	57515	GT2	no_match
1246	57515	GT3	no_match
1247	57515	GT4	no_match
1248	57515	GT5	no_match
1249	57522	1	no_match
1250	57523	1	no_match
1251	57534	S32A	no_match
1252	57534	S32B	no_match
1253	57534	S32C	no_match
1254	57535	S33A	no_match
1255	57535	S33B	no_match
1256	57544	FC01	no_match
1258	57555	CTG2	no_match
1259	57555	CTG3	no_match
1260	57557	S-14	no_match
1261	57557	S-15	no_match
1262	57559	1	no_match
1263	57564	CTG	no_match
1264	57564	STG2	no_match
1265	57566	2.5P2	no_match
1266	57566	2.8P3	no_match
1267	57573	S188	no_match
1268	57579	1	no_match
1269	57579	2	no_match
1270	57580	CG1	no_match
1271	57580	CG2	no_match
1272	57580	PV1	no_match
1273	57580	PV2	no_match
1274	57584	BS1	no_match
1275	57584	NT2	no_match
1276	57584	ST1	no_match
1277	57584	STG	no_match
1278	57585	1	no_match
1279	57621	GEN1	no_match
1280	57626	WTG1	no_match
1281	57655	BC01	no_match
1282	57656	1	no_match
1283	57669	PV1	no_match
1284	57670	PV1	no_match
1285	57671	PV1	no_match
1286	57682	1	no_match
1287	57683	1	no_match
1288	57695	TPZ1	no_match
1289	57695	TPZ2	no_match
1290	57695	TPZ3	no_match
1291	57695	TPZ4	no_match
1292	57695	TPZ5	no_match
1293	57697	1	no_match
1294	57698	1	no_match
1295	57700	1	no_match
1297	57702	1	no_match
1298	57708	INV	no_match
1299	57715	GEN1	no_match
1300	57715	GEN2	no_match
1301	57722	1	no_match
1302	57725	1	no_match
1303	57729	1	no_match
1304	57729	2	no_match
1305	57735	UCSD	no_match
1307	57753	PV1	no_match
1308	57757	1	no_match
1309	57764	1	no_match
1310	57770	SBFC	no_match
1311	57771	1	no_match
1312	57773	1	no_match
1313	57774	WGNS	no_match
1314	57777	DL1	no_match
1315	57778	KAM1	no_match
1316	57779	DIL2	no_match
1317	57780	KAM2	no_match
1318	57781	DIL3	no_match
1319	57782	KAM3	no_match
1320	57783	BRU1	no_match
1321	57784	BRU2	no_match
1322	57785	BRU3	no_match
1323	57791	WTG1	no_match
1325	57796	1	no_match
1326	57797	1	no_match
1327	57806	DIL4	no_match
1328	57807	COK01	no_match
1329	57808	LOK00	no_match
1330	57809	FRK00	no_match
1331	57811	ADB00	no_match
1332	57811	ADB01	no_match
1333	57816	MCK1	no_match
1334	57817	MCK2	no_match
1335	57818	MCK3	no_match
1336	57819	MCK4	no_match
1337	57820	MCK5	no_match
1338	57821	MCK6	no_match
1339	57827	DSPV	no_match
1340	57831	1	no_match
1343	57835	AW08	no_match
1344	57836	TSM	no_match
1345	57837	AW09	no_match
1346	57840	1	no_match
1347	57841	1	no_match
1348	57849	GASF1	no_match
1349	57850	GASF2	no_match
1350	57854	1PT1	no_match
1351	57854	2T3	no_match
1352	57856	SGU1	no_match
1353	57860	1	no_match
1354	57871	1	no_match
1355	57891	1	no_match
1356	57892	1	no_match
1357	57895	ID4	no_match
1358	57900	S48A	no_match
1359	57900	S48B	no_match
1360	57900	S48C	no_match
1361	57900	S48D	no_match
1362	57900	S48E	no_match
1363	57900	S48F	no_match
1364	57900	S48G	no_match
1365	57900	S48H	no_match
1366	57900	S48I	no_match
1367	57900	S48J	no_match
1369	57901	6	no_match
1370	57901	7	no_match
1371	57901	8	no_match
1372	57904	CHNO	no_match
1373	57913	1	no_match
1374	57916	1	no_match
1376	57959	1	no_match
1377	57962	BT1	no_match
1378	57970	SOL1	no_match
1379	57971	COGEN	no_match
1380	57978	CT1	no_match
1381	57978	ST1	no_match
1382	57982	PV-1	no_match
1383	57982	PV-2	no_match
1384	57993	DSL1	no_match
1385	57993	DSL10	no_match
1386	57993	DSL11	no_match
1387	57993	DSL2	no_match
1388	57993	DSL3	no_match
1389	57993	DSL4	no_match
1390	57993	DSL5	no_match
1391	57993	DSL6	no_match
1392	57993	DSL7	no_match
1393	57993	DSL8	no_match
1394	57993	DSL9	no_match
1395	58002	SPS	no_match
1396	58003	SPS50	no_match
1397	58007	G1	no_match
1398	58007	G2	no_match
1399	58007	G3	no_match
1400	58007	G4	no_match
1401	58007	G5	no_match
1402	58039	1	no_match
1403	58056	JEN1	no_match
1404	58056	JEN2	no_match
1405	58056	PV	no_match
1406	58056	T100	no_match
1407	58056	T200	no_match
1408	58058	1	no_match
1409	58073	SEPV	no_match
1410	58076	1	no_match
1411	58076	2	no_match
1412	58076	3	no_match
1413	58083	GTG1	no_match
1414	58083	STG1	no_match
1415	58086	1	no_match
1416	58086	2	no_match
1417	58100	5900	no_match
1418	58101	WTG1	no_match
1419	58101	WTG2	no_match
1420	58104	WTG1	no_match
1421	58105	WTG1	no_match
1422	58112	WTG1	no_match
1423	58114	WTG1	no_match
1424	58114	WTG2	no_match
1425	58114	WTG3	no_match
1426	58118	JDS1	no_match
1427	58119	DPSS	no_match
1428	58122	GEN1	no_match
1429	58128	KRSO1	no_match
1430	58128	KRSO2	no_match
1431	58128	KRSO3	no_match
1432	58128	KRSO4	no_match
1433	58128	KRSO5	no_match
1434	58132	KSRO1	no_match
1435	58132	KSRO2	no_match
1436	58132	KSRO3	no_match
1437	58132	KSRO4	no_match
1438	58132	KSRO5	no_match
1439	58148	KS	no_match
1440	58149	TAHD	no_match
1441	58168	TURB1	no_match
1442	58168	TURB2	no_match
1443	58168	TURB3	no_match
1444	58169	1	no_match
1445	58169	CPAC	no_match
1446	58169	KHS	no_match
1447	58169	NPS	no_match
1448	58169	PS4	no_match
1449	58169	SCPS	no_match
1450	58170	GEN1	no_match
1451	58190	CG	no_match
1452	58198	GTG1	no_match
1453	58198	GTG2	no_match
1454	58198	STG1	no_match
1455	58202	VPS1	no_match
1456	58204	INV3	no_match
1458	58216	1	no_match
1459	58217	INV4	no_match
1460	58223	1	no_match
1461	58223	2	no_match
1462	58223	3	no_match
1463	58226	1	no_match
1464	58232	TAHQ	no_match
1465	58233	GEN1	no_match
1466	58244	WEST	no_match
1467	58248	GEN1	no_match
1468	58249	GEN1	no_match
1469	58251	TG3	no_match
1470	58251	TG4	no_match
1471	58253	GEN1	no_match
1472	58253	GEN2	no_match
1473	58253	GEN3	no_match
1474	58253	GEN4	no_match
1475	58258	GEN1	no_match
1476	58258	GEN2	no_match
1477	58289	VNPV	no_match
1478	58290	VSPV	no_match
1479	58296	ROL6	no_match
1480	58297	ROL4	no_match
1481	58298	ROL3	no_match
1482	58299	XLX	no_match
1483	58300	HON	no_match
1484	58301	JPR	no_match
1485	58302	LFT	no_match
1486	58303	TLR	no_match
1487	58304	1	no_match
1488	58304	2	no_match
1489	58304	3	no_match
1490	58306	1	no_match
1491	58306	2	no_match
1492	58306	3	no_match
1493	58307	1	no_match
1494	58307	2	no_match
1495	58307	3	no_match
1496	58308	1	no_match
1497	58308	3	no_match
1498	58308	4	no_match
1499	58309	1	no_match
1500	58309	2	no_match
1501	58309	5	no_match
1502	58320	362	no_match
1503	58354	1	no_match
1504	58355	1	no_match
1505	58366	1	no_match
1506	58370	GEN1	no_match
1507	58371	GEN1	no_match
1508	58373	WRCA	no_match
1509	58374	CSCA	no_match
1510	58376	1	no_match
1511	58379	W3998	no_match
1512	58388	AVS1	no_match
1513	58388	SS11	no_match
1514	58388	SS12	no_match
1515	58388	SS13	no_match
1516	58388	SS14	no_match
1517	58388	SS15	no_match
1518	58388	SS16	no_match
1519	58389	AVS2	no_match
1520	58389	SS21	no_match
1521	58389	SS22	no_match
1522	58389	SS23	no_match
1523	58389	SS24	no_match
1524	58389	SS25	no_match
1525	58394	AW10	no_match
1526	58395	AW11	no_match
1527	58397	ENG1	no_match
1528	58418	1	no_match
1529	58419	1	no_match
1530	58429	1	no_match
1531	58429	2	no_match
1532	58429	3	no_match
1533	58429	4	no_match
1534	58429	5	no_match
1535	58430	CSE1	no_match
1536	58430	CSE2	no_match
1537	58430	CSE3	no_match
1538	58430	CSE4	no_match
1539	58430	CSE5	no_match
1540	58430	CSE6	no_match
1541	58432	COG1	no_match
1542	58432	COG2	no_match
1543	58432	COG3	no_match
1544	58436	ENG1	no_match
1545	58436	ENG2	no_match
1546	58437	ENG1	no_match
1547	58437	ENG2	no_match
1548	58440	9560	no_match
1549	58440	9580	no_match
1550	58440	9581	no_match
1551	58440	9583	no_match
1552	58440	9585	no_match
1553	58440	9587	no_match
1554	58445	1	no_match
1555	58445	2	no_match
1556	58446	1	no_match
1557	58447	1	no_match
1558	58447	2	no_match
1559	58447	3	no_match
1560	58448	1	no_match
1561	58449	1	no_match
1562	58449	2	no_match
1563	58449	3	no_match
1564	58450	1	no_match
1565	58451	1	no_match
1566	58452	1	no_match
1567	58454	1	no_match
1568	58454	2	no_match
1569	58462	1	no_match
1570	58462	BLK2	no_match
1571	58462	BLK3	no_match
1572	58462	BLK4	no_match
1573	58462	BLK5	no_match
1574	58462	BLK6	no_match
1575	58462	BLK7	no_match
1576	58462	BLK8	no_match
1577	58467	CVS1	no_match
1578	58472	1	no_match
1579	58498	RONE	no_match
1580	58499	RTWO	no_match
1581	58500	RIO	no_match
1582	58502	COL3	no_match
1583	58506	937	no_match
1584	58508	PV3	no_match
1585	58509	PV4	no_match
1586	58510	PV5	no_match
1587	58513	937	no_match
1588	58514	DHCA	no_match
1589	58522	1	no_match
1591	58525	COGEN	no_match
1592	58527	1	no_match
1593	58528	WDT44	no_match
1594	58542	DSL12	no_match
1595	58542	DSL13	no_match
1596	58542	DSL14	no_match
1597	58542	DSL15	no_match
1598	58542	DSL16	no_match
1599	58542	DSL17	no_match
1600	58542	DSL18	no_match
1601	58542	DSL19	no_match
1602	58542	DSL20	no_match
1603	58545	1	no_match
1604	58578	SON1	no_match
1605	58581	1	no_match
1606	58582	1	no_match
1607	58585	BESS	no_match
1608	58585	COGN	no_match
1609	58585	SOLR	no_match
1610	58590	1	no_match
1611	58607	1	no_match
1612	58607	2	no_match
1613	58607	3	no_match
1614	58609	ISP1	no_match
1615	58610	NSP1	no_match
1616	58611	1	no_match
1617	58612	1	no_match
1618	58616	WSF1	no_match
1619	58619	1	no_match
1620	58619	2	no_match
1622	58625	SRFC2	no_match
1623	58625	SRJBA	no_match
1624	58625	SRPV2	no_match
1625	58625	SRPV3	no_match
1626	58626	WABSA	no_match
1627	58627	WADR	no_match
1628	58633	1	no_match
1629	58634	1	no_match
1630	58636	1	no_match
1631	58642	1	no_match
1632	58642	2	no_match
1633	58698	D960	no_match
1634	58698	D9611	no_match
1635	58698	D9612	no_match
1636	58699	GEN 1	no_match
1637	58699	GEN 2	no_match
1638	58711	BLKW	no_match
1639	58711	LTHL	no_match
1640	58713	NSTR	no_match
1641	58718	PV1	no_match
1642	58721	ORION	no_match
1643	58748	NBWT	no_match
1644	58750	LDFRB	no_match
1645	58751	RSC2	no_match
1646	58752	RSD2	no_match
1647	58753	SSA2	no_match
1648	58754	SSB2	no_match
1649	58755	SSC2	no_match
1650	58756	SSD2	no_match
1651	58757	UE2	no_match
1652	58757	UF2	no_match
1653	58757	UG2	no_match
1654	58757	UH2	no_match
1655	58761	EXSA	no_match
1656	58762	EXSB	no_match
1657	58763	EXSC2	no_match
1658	58814	GENA	no_match
1659	58814	GENB	no_match
1660	58890	BERI	no_match
1661	58906	VC1	no_match
1662	58907	VC2	no_match
1663	58909	RAM1	no_match
1664	58911	RAM2	no_match
1665	58912	1	no_match
1666	58913	1	no_match
1667	58919	2127	no_match
1668	58954	PV	no_match
1669	58960	S200	no_match
1670	58960	S201	no_match
1671	58960	S202	no_match
1672	58960	S203	no_match
1673	58963	PV	no_match
1674	58973	W2CA	no_match
1675	58975	PV1	no_match
1676	58978	CVAP	no_match
1677	58983	1	no_match
1678	58984	1	no_match
1679	58985	1	no_match
1680	58986	1	no_match
1681	58990	1	no_match
1684	59002	CEC 8	no_match
1685	59002	CEC 9	no_match
1686	59002	CEC10	no_match
1687	59058	GEN 1	no_match
1688	59087	GEN 1	no_match
1690	59094	GEN 1	no_match
1691	59095	GEN 1	no_match
1692	59096	GEN1	no_match
1693	59098	PV1	no_match
1694	59099	PV1	no_match
1695	59129	57449	no_match
1696	59130	57449	no_match
1697	59132	57449	no_match
1698	59133	57449	no_match
1699	59138	57449	no_match
1700	59139	57449	no_match
1701	59167	LS1	no_match
1702	59169	LS2	no_match
1703	59182	34608	no_match
1704	59183	PV1	no_match
1705	59203	PV1	no_match
1706	59203	PV2	no_match
1707	59203	PV3	no_match
1708	59219	PV1	no_match
1709	59219	PV2	no_match
1710	59235	GEN1	no_match
1711	59236	GEN1	no_match
1712	59249	PV1	no_match
1713	59250	PV1	no_match
1714	59256	BAT1	no_match
1715	59257	YB1	no_match
1716	59261	VZ300	no_match
1717	59262	LLRC	no_match
1718	59265	PV8	no_match
1719	59267	PV9	no_match
1720	59269	VMLB2	no_match
1722	59271	VMLD2	no_match
1723	59272	VMLE2	no_match
1724	59273	PALME	no_match
1725	59279	LFT01	no_match
1726	59280	KLG00	no_match
1727	59283	W4236	no_match
1728	59299	RED1	no_match
1729	59299	RED2	no_match
1730	59300	HAN1	no_match
1731	59300	HAN2	no_match
1732	59322	GEN1	no_match
1734	59328	GAC1	no_match
1735	59329	SOL1	no_match
1736	59330	TAY1	no_match
1737	59331	ANB2	no_match
1738	59334	INV-1	no_match
1739	59339	SSC13	no_match
1740	59359	10400	no_match
1741	59360	11113	no_match
1742	59395	SC500	no_match
1743	59405	PV11	no_match
1744	59408	1	no_match
1745	59409	SNL17	no_match
1746	59410	SNL19	no_match
1747	59411	SNL18	no_match
1748	59412	SKI20	no_match
1749	59413	C2CA	no_match
1750	59414	AWCA	no_match
1751	59416	PV1	no_match
1752	59421	11111	no_match
1753	59422	10401	no_match
1754	59423	10402	no_match
1755	59428	GENE1	no_match
1756	59428	GENE2	no_match
1757	59431	SSG1	no_match
1758	59440	SAS	no_match
1759	59441	SAS	no_match
1760	59443	WAS1	no_match
1761	59456	P-TG4	no_match
1762	59456	P-TG5	no_match
1763	59457	Q-TG1	no_match
1764	59458	W-TG1	no_match
1765	59461	GEN01	no_match
1766	59461	GEN02	no_match
1767	59461	GEN03	no_match
1768	59461	GEN04	no_match
1769	59461	GEN05	no_match
1770	59461	GEN06	no_match
1771	59461	GEN07	no_match
1772	59469	ALAMO	no_match
1773	59473	AC2PV	no_match
1775	59524	FRBSP	no_match
1777	59528	OASIS	no_match
1778	59536	AWI	no_match
1779	59537	AW2	no_match
1780	59539	1	no_match
1781	59540	2	no_match
1782	59541	3	no_match
1784	59555	VEGA1	no_match
1785	59557	AC2FC	no_match
1787	59598	CS002	no_match
1788	59599	GEN1	no_match
1789	59600	GEN1	no_match
1790	59607	MWS	no_match
1791	59610	APNLI	no_match
1792	59633	KS	no_match
1793	59638	CLH	no_match
1794	59651	W4161	no_match
1795	59661	TSP1	no_match
1796	59687	NDP1	no_match
1797	59703	1	no_match
1798	59722	SEV1	no_match
1799	59723	SEV2	no_match
1800	59730	SPV18	no_match
1802	59739	LWADB	no_match
1803	59740	SPVMW	no_match
1804	59746	1	no_match
1805	59748	1	no_match
1806	59798	W4172	no_match
1807	59800	AMZ00	no_match
1808	59802	MXM00	no_match
1809	59803	PXR00	no_match
1810	59804	SBK00	no_match
1811	59805	YAH00	no_match
1812	59868	GEN01	no_match
1813	59872	UCD1	no_match
1814	59877	MB20	no_match
1816	59879	GEN01	no_match
1817	59900	C3CA	no_match
1818	59915	ORCA	no_match
1819	59916	12307	no_match
1820	59942	ML1	no_match
1821	59948	BF111	no_match
1822	59952	1	no_match
1823	59952	2	no_match
1824	59952	3	no_match
1825	59952	4	no_match
1826	59952	5	no_match
1827	59961	WABSB	no_match
1828	59962	NLR	no_match
1829	59963	CADRC	no_match
1830	59964	ELVSC	no_match
1832	59977	ASTR2	no_match
1833	59978	ECA22	no_match
1835	60007	MORLS	no_match
1836	60026	PV1	no_match
1837	60032	RCHTR	no_match
1839	60034	GEN01	no_match
1840	60035	RPU1	no_match
1841	60039	FTRS	no_match
1842	60043	GEN01	no_match
1843	60049	GE	no_match
1844	60060	SDIA2	no_match
1845	60060	SDIAA	no_match
1846	60060	SDIAB	no_match
1847	60077	AVCA	no_match
1848	60078	DU1CA	no_match
1849	60079	DU2CA	no_match
1850	60080	DU3CA	no_match
1851	60081	DU4CA	no_match
1852	60085	PV1	no_match
1853	60086	PV1	no_match
1854	60091	GEN01	no_match
1855	60092	BLCK4	no_match
1856	60092	BLCK5	no_match
1857	60092	BLCK6	no_match
1858	60092	BLCK7	no_match
1859	60093	BLCK1	no_match
1860	60093	BLCK2	no_match
1861	60093	BLCK3	no_match
1862	60120	MB-16	no_match
1863	60142	LEPV1	no_match
1864	60151	BLDGF	no_match
1865	60153	BLDGG	no_match
1866	60154	BLDG1	no_match
1867	60182	DULLE	no_match
1868	60183	FSPRI	no_match
1869	60185	SOLV1	no_match
1870	60186	DSR1	no_match
1872	60193	GEN1	no_match
1873	60220	ZWED1	no_match
1874	60220	ZWED2	no_match
1875	60223	EQXOO	no_match
1876	60224	NTL00	no_match
1877	60231	BA1	no_match
1878	60231	PV1	no_match
1879	60233	PV2	no_match
1881	60242	SKI10	no_match
1882	60255	1	no_match
1883	60255	2	no_match
1884	60277	CASTR	no_match
1885	60279	ABSR	no_match
1886	60280	SUMSL	no_match
1887	60281	CADRB	no_match
1888	60310	GEN01	no_match
1889	60311	GEN01	no_match
1891	60324	GEN01	no_match
1893	60385	MB-18	no_match
1894	60386	PV1	no_match
1895	60412	MUN	no_match
1896	60428	PV1	no_match
1897	60450	PVCR	no_match
1898	60474	BSHRB	no_match
1899	60475	BSHRC	no_match
1900	60481	BSHRA	no_match
1901	60491	SB3BS	no_match
1902	60491	SB3SF	no_match
1903	60509	PV1	no_match
1904	60516	PV1	no_match
1905	60558	PV1	no_match
1906	60565	SES1	no_match
1907	60565	SES2	no_match
1908	60566	SES1	no_match
1909	60566	SES2	no_match
1910	60568	SES	no_match
1911	60569	SES	no_match
1913	60571	NCEP	no_match
1914	60590	RS1	no_match
1915	60591	RS1	no_match
1916	60594	VYGR1	no_match
1918	60661	013B	no_match
1919	60678	SJ1A	no_match
1920	60678	SJ1B	no_match
1921	60744	SESI2	no_match
1922	60745	SESI1	no_match
1923	60760	PE101	no_match
1924	60790	PV	no_match
1925	60824	PV1	no_match
1926	60825	CNS1	no_match
1927	60844	PV1	no_match
1928	60844	PV2	no_match
1929	60846	PV1	no_match
1930	60861	PV1	no_match
1932	60914	W5328	no_match
1933	60918	3	no_match
1935	60960	CTG2	no_match
1936	60960	STG1	no_match
1937	60974	2BESS	no_match
1938	60975	WS532	no_match
1939	60978	PV1	no_match
1940	60979	PV1	no_match
1941	60981	WS526	no_match
1942	60984	PV1	no_match
1944	61006	SCAIR	no_match
1946	61027	PESCT	no_match
1947	61066	WTG1	no_match
1948	61107	VRF	no_match
1949	61115	MANT1	no_match
1950	61116	DELA1	no_match
1951	61117	BAKE1	no_match
1952	61118	BIND1	no_match
1953	61152	PV1	no_match
1954	61153	AT057	no_match
1955	61154	AT058	no_match
1957	61215	GBWXC	no_match
1958	61216	GBWXD	no_match
1959	61222	1	no_match
1960	61249	W5531	no_match
1961	61250	USPS1	no_match
1962	61264	ANTX2	no_match
1963	61265	ADSR3	no_match
1964	61319	W4885	no_match
1965	61339	GBWXB	no_match
1966	61348	W5691	no_match
1967	61349	W5694	no_match
1968	61418	VAL1	no_match
1969	61419	OTP	no_match
1970	61420	MRCD1	no_match
1971	61421	MDRA1	no_match
1972	61442	WTG1	no_match
1973	61443	WTG1	no_match
1974	61444	WTG1	no_match
1976	61463	VBERG	no_match
1977	61501	GEN1	no_match
1978	61502	GEN1	no_match
1979	61503	GEN1	no_match
1980	61582	VYGR2	no_match
1981	61583	VYGR3	no_match
1982	61584	VYGR4	no_match
1983	61593	W5791	no_match
1984	61594	W5792	no_match
1986	61620	CORSP	no_match
1987	61621	WASCO	no_match
1988	61628	KILRO	no_match
1989	61661	VISTA	no_match
1990	61682	USG1	no_match
1991	61683	USG2	no_match
1992	61698	FOLSM	no_match
1993	61718	APLEX	no_match
1994	61721	WLA01	no_match
1995	61722	IRV01	no_match
1996	61722	IRV1W	no_match
1997	61723	IRV06	no_match
1998	61723	IRV2W	no_match
1999	61750	WICA	no_match
2000	61754	1	no_match
2001	61754	2	no_match
2002	61791	5001	no_match
2003	61792	5002	no_match
2004	61824	RPU2	no_match
2005	61834	SCSP1	no_match
2006	61843	10276	no_match
2007	61846	MM27	no_match
2008	61894	CR1	no_match
2009	61894	CR2	no_match
2010	61894	CR3	no_match
2011	61894	CR4	no_match
2012	61989	PV	no_match
2013	61993	GDCBA	no_match
2014	61993	GDCPV	no_match
2015	62004	SPRWY	no_match
2016	62016	UCRIV	no_match
2017	62020	STANF	no_match
2018	62028	CSULB	no_match
2020	62056	LANC	no_match
2021	62077	PV1	no_match
2022	62150	SOLAR	no_match
2023	62176	21Z	no_match
2024	62176	PF	no_match
2025	62242	SBRC	no_match
2026	62246	TWSP	no_match
2027	62274	LHSSP	no_match
2028	62275	FHSSP	no_match
2029	62286	W7188	no_match
2031	62288	VAL01	no_match
2032	62378	VSCFW	no_match
2033	62418	4	no_match
2034	62419	4	no_match
2035	62458	RAT00	no_match
2036	62459	SMC01	no_match
2037	62571	DSY01	no_match
2038	62573	ATT56	no_match
2039	62574	ATT93	no_match
2040	62575	FLX01	no_match
2041	62577	AP11A	no_match
2042	62577	AP11B	no_match
2043	62577	AP11C	no_match
2044	62577	AP11D	no_match
2046	62611	HELIX	no_match
2047	62649	SFDK	no_match
2048	62655	HLS	no_match
2049	62671	EQX1A	no_match
2050	62671	EQX1B	no_match
2051	62687	RPNPA	no_match
2052	62687	RPNPB	no_match
2053	62687	RPNPC	no_match
2055	62690	GFARM	no_match
2056	62697	NTL3A	no_match
2057	62697	NTL3B	no_match
2058	62698	KR059	no_match
2059	62699	KSR24	no_match
2060	62700	KSR23	no_match
2061	62701	KS18A	no_match
2062	62701	KS18B	no_match
2063	62702	EQ14A	no_match
2064	62702	EQ14B	no_match
2065	62703	EQ13A	no_match
2066	62703	EQ13B	no_match
2067	62704	EQX09	no_match
2068	62705	EQX08	no_match
2069	62732	SSPAI	no_match
2070	62987	GHSP	no_match
2071	63054	CALTR	no_match
2072	63078	EGCRK	no_match
2073	63204	HLS	no_match
2075	63303	AISP	no_match
2076	63361	MIP2T	no_match
2077	63363	NBS	no_match
2078	63376	PPHS	no_match
2079	63385	CA135	no_match
2080	63412	SDZOO	no_match
2081	63439	CCFC1	no_match
2082	63455	INV1	no_match
2083	63455	INV2	no_match
2084	63486	DA04	no_match
2085	63493	SIAD	no_match
2086	63516	CACTY	no_match
2087	63603	ILM01	no_match
2088	63604	EXN02	no_match
2089	63605	ATT35	no_match
2090	63606	ATT27	no_match
2091	63607	EXN01	no_match
2092	63609	ALRGN	no_match
2093	63610	BAKER	no_match
2094	63611	CSULB	no_match
2095	63612	DATS0	no_match
2096	63613	DOWNY	no_match
2097	63614	LAWRP	no_match
2098	63616	OCSD1	no_match
2099	63617	SOCCD	no_match
2100	63630	AVHS	no_match
2101	63638	CTC13	no_match
2102	63651	5812	no_match
2103	63674	DEDEA	no_match
2104	63699	AGT0A	no_match
2105	63699	AGT0B	no_match
2106	63701	CST1A	no_match
2107	63701	CST1B	no_match
2108	63704	EQ10A	no_match
2109	63704	EQ10B	no_match
2110	63705	EQ11A	no_match
2111	63705	EQ11B	no_match
2112	63705	EQ11C	no_match
2113	63708	EQ15A	no_match
2114	63708	EQ15B	no_match
2115	63711	JSR00	no_match
2116	63712	KSR28	no_match
2117	63714	GEN05	no_match
2118	63715	SCU00	no_match
2119	63716	KSR53	no_match
2120	63717	TLR0A	no_match
2121	63717	TLR0B	no_match
2122	63717	TLR0C	no_match
2123	63928	6701	no_match
2124	0	0	no_match
2125	0	0	no_match
2126	0	0	no_match
2127	0	0	no_match
2128	0	0	no_match
2129	0	0	no_match
2130	0	0	no_match
2131	0	0	no_match
2132	0	0	no_match
2133	0	0	no_match
2134	0	0	no_match
2135	0	0	no_match
2136	0	0	no_match
2137	0	0	no_match
2138	0	0	no_match
2139	0	0	no_match
2140	0	0	no_match
2141	0	0	no_match
2142	0	0	no_match
2143	0	0	no_match
2144	0	0	no_match
2145	0	0	no_match
2146	0	0	no_match
2147	0	0	no_match
2148	0	0	no_match
2149	0	0	no_match
2150	0	0	no_match
2151	0	0	no_match
2152	0	0	no_match
2153	0	0	no_match
2154	0	0	no_match
2155	0	0	no_match
2156	0	0	no_match
2157	0	0	no_match
2158	0	0	no_match
2159	0	0	no_match
2160	0	0	no_match
2161	0	0	no_match
2162	0	0	no_match
2163	0	0	no_match
2164	0	0	no_match
2165	0	0	no_match
2166	0	0	no_match
2167	0	0	no_match
2168	0	0	no_match
2169	0	0	no_match
2170	0	0	no_match
2171	0	0	no_match
2172	0	0	no_match
2173	0	0	no_match
2174	0	0	no_match
2175	0	0	no_match
2176	0	0	no_match
2177	0	0	no_match
2178	0	0	no_match
2179	0	0	no_match
2180	0	0	no_match
2181	0	0	no_match
2182	0	0	no_match
2183	0	0	no_match
2184	0	0	no_match
2185	0	0	no_match
2186	0	0	no_match
2187	0	0	no_match
2188	0	0	no_match
2189	0	0	no_match
2190	0	0	no_match
2191	0	0	no_match
2192	0	0	no_match
2193	0	0	no_match
2194	0	0	no_match
2195	0	0	no_match
2196	0	0	no_match
2197	0	0	no_match
2198	0	0	no_match
2199	0	0	no_match
2200	0	0	no_match
2201	0	0	no_match
2202	0	0	no_match
2203	0	0	no_match
2204	0	0	no_match
2205	0	0	no_match
2206	0	0	no_match
2207	0	0	no_match
2208	0	0	no_match
2209	0	0	no_match
2210	0	0	no_match
2211	0	0	no_match
2212	0	0	no_match
2213	0	0	no_match
2214	0	0	no_match
2215	0	0	no_match
2216	0	0	no_match
2217	0	0	no_match
2218	0	0	no_match
2219	0	0	no_match
2220	0	0	no_match
2221	0	0	no_match
2222	0	0	no_match
2223	0	0	no_match
2224	0	0	no_match
2225	0	0	no_match
2226	0	0	no_match
2227	0	0	no_match
2228	0	0	no_match
2229	0	0	no_match
2230	0	0	no_match
2231	0	0	no_match
2232	0	0	no_match
2233	0	0	no_match
2234	0	0	no_match
2235	0	0	no_match
2236	0	0	no_match
2237	0	0	no_match
2238	0	0	no_match
2239	0	0	no_match
2240	0	0	no_match
2241	0	0	no_match
2242	0	0	no_match
2243	0	0	no_match
2244	0	0	no_match
2245	0	0	no_match
2246	0	0	no_match
2247	0	0	no_match
2248	0	0	no_match
2249	0	0	no_match
2250	0	0	no_match
2251	0	0	no_match
2252	0	0	no_match
2253	0	0	no_match
2254	0	0	no_match
2255	0	0	no_match
2256	0	0	no_match
2257	0	0	no_match
2258	0	0	no_match
2259	0	0	no_match
2260	0	0	no_match
2261	0	0	no_match
2262	0	0	no_match
2263	0	0	no_match
2264	0	0	no_match
2265	0	0	no_match
2266	0	0	no_match
2267	0	0	no_match
2268	0	0	no_match
2269	0	0	no_match
2270	0	0	no_match
2271	0	0	no_match
2272	0	0	no_match
2273	0	0	no_match
2274	0	0	no_match
2275	0	0	no_match
2276	0	0	no_match
2277	0	0	no_match
2278	0	0	no_match
2279	0	0	no_match
2280	0	0	no_match
2281	0	0	no_match
2282	0	0	no_match
2283	0	0	no_match
2284	0	0	no_match
2285	0	0	no_match
2286	0	0	no_match
2287	0	0	no_match
2288	0	0	no_match
2289	0	0	no_match
2290	0	0	no_match
2291	0	0	no_match
2292	0	0	no_match
2293	0	0	no_match
2294	0	0	no_match
2295	0	0	no_match
2296	0	0	no_match
2297	0	0	no_match
2298	0	0	no_match
2299	0	0	no_match
2300	0	0	no_match
2301	0	0	no_match
2302	0	0	no_match
2303	0	0	no_match
2304	0	0	no_match
2305	0	0	no_match
2306	0	0	no_match
2307	0	0	no_match
2308	0	0	no_match
2309	0	0	no_match
2310	0	0	no_match
2311	0	0	no_match
2312	0	0	no_match
2313	0	0	no_match
2314	0	0	no_match
2315	0	0	no_match
2316	0	0	no_match
2317	0	0	no_match
2318	0	0	no_match
2319	0	0	no_match
2320	0	0	no_match
2321	0	0	no_match
2322	0	0	no_match
2323	0	0	no_match
2324	0	0	no_match
2325	0	0	no_match
2326	0	0	no_match
2327	0	0	no_match
2328	0	0	no_match
2329	0	0	no_match
2330	0	0	no_match
2331	0	0	no_match
2332	0	0	no_match
2333	0	0	no_match
2334	0	0	no_match
2335	0	0	no_match
2336	0	0	no_match
2337	0	0	no_match
2338	0	0	no_match
2339	0	0	no_match
2340	0	0	no_match
2341	0	0	no_match
2342	0	0	no_match
2343	0	0	no_match
2344	0	0	no_match
2345	0	0	no_match
2346	0	0	no_match
2347	0	0	no_match
2348	0	0	no_match
2349	0	0	no_match
2350	0	0	no_match
2351	0	0	no_match
2352	0	0	no_match
2353	0	0	no_match
2354	0	0	no_match
2355	0	0	no_match
2356	0	0	no_match
2357	0	0	no_match
2358	0	0	no_match
2359	0	0	no_match
2360	0	0	no_match
2361	0	0	no_match
2362	0	0	no_match
2363	0	0	no_match
2364	0	0	no_match
2365	0	0	no_match
2366	0	0	no_match
2367	0	0	no_match
2368	0	0	no_match
2369	0	0	no_match
2370	0	0	no_match
2371	0	0	no_match
2372	0	0	no_match
2373	0	0	no_match
2374	0	0	no_match
2375	0	0	no_match
2376	0	0	no_match
2377	0	0	no_match
2378	0	0	no_match
2379	0	0	no_match
2380	0	0	no_match
2381	0	0	no_match
2382	0	0	no_match
2383	0	0	no_match
2384	0	0	no_match
2385	0	0	no_match
2386	0	0	no_match
2387	0	0	no_match
2388	0	0	no_match
2389	0	0	no_match
2390	0	0	no_match
2391	0	0	no_match
2392	0	0	no_match
2393	0	0	no_match
2394	0	0	no_match
2395	0	0	no_match
2396	0	0	no_match
2397	0	0	no_match
2398	0	0	no_match
2399	0	0	no_match
2400	0	0	no_match
2401	0	0	no_match
2402	0	0	no_match
2403	0	0	no_match
2404	0	0	no_match
2405	0	0	no_match
2406	0	0	no_match
2407	0	0	no_match
2408	0	0	no_match
2409	0	0	no_match
2410	0	0	no_match
2411	0	0	no_match
2412	0	0	no_match
2413	0	0	no_match
2414	0	0	no_match
2415	0	0	no_match
2416	0	0	no_match
2417	0	0	no_match
2418	0	0	no_match
2419	0	0	no_match
2420	0	0	no_match
2421	0	0	no_match
2422	0	0	no_match
2423	0	0	no_match
2424	0	0	no_match
2425	0	0	no_match
2426	0	0	no_match
2427	0	0	no_match
2428	0	0	no_match
2429	0	0	no_match
2430	0	0	no_match
2431	0	0	no_match
2432	0	0	no_match
2433	0	0	no_match
2434	0	0	no_match
2435	0	0	no_match
2436	0	0	no_match
2437	0	0	no_match
2438	0	0	no_match
2439	0	0	no_match
2440	0	0	no_match
2441	0	0	no_match
2442	0	0	no_match
2443	0	0	no_match
2444	0	0	no_match
2445	0	0	no_match
2446	0	0	no_match
2447	0	0	no_match
2448	0	0	no_match
2449	0	0	no_match
2450	0	0	no_match
2451	0	0	no_match
2452	0	0	no_match
2453	0	0	no_match
2454	0	0	no_match
2455	0	0	no_match
2456	0	0	no_match
2457	0	0	no_match
2458	0	0	no_match
2459	0	0	no_match
2460	0	0	no_match
2461	0	0	no_match
2462	0	0	no_match
2463	0	0	no_match
2464	0	0	no_match
2465	0	0	no_match
2466	0	0	no_match
2467	0	0	no_match
2468	0	0	no_match
2469	0	0	no_match
2470	0	0	no_match
2471	0	0	no_match
2472	0	0	no_match
2473	0	0	no_match
2474	0	0	no_match
2475	0	0	no_match
2476	0	0	no_match
2477	0	0	no_match
2478	0	0	no_match
2479	0	0	no_match
2480	0	0	no_match
2481	0	0	no_match
2482	0	0	no_match
2483	0	0	no_match
2484	0	0	no_match
2485	0	0	no_match
2486	0	0	no_match
2487	0	0	no_match
2488	0	0	no_match
2489	0	0	no_match
2490	0	0	no_match
2491	0	0	no_match
2492	0	0	no_match
2493	0	0	no_match
2494	0	0	no_match
2495	0	0	no_match
2496	0	0	no_match
2497	0	0	no_match
2498	0	0	no_match
2499	0	0	no_match
2500	0	0	no_match
2501	0	0	no_match
2502	0	0	no_match
2503	0	0	no_match
2504	0	0	no_match
2505	0	0	no_match
2506	0	0	no_match
2507	0	0	no_match
2508	0	0	no_match
2509	0	0	no_match
2510	0	0	no_match
2511	0	0	no_match
2512	0	0	no_match
2513	0	0	no_match
2514	0	0	no_match
2515	0	0	no_match
2516	0	0	no_match
2517	0	0	no_match
2518	0	0	no_match
2519	0	0	no_match
2520	0	0	no_match
2521	0	0	no_match
2522	0	0	no_match
2523	0	0	no_match
2524	0	0	no_match
2525	0	0	no_match
2526	0	0	no_match
2527	0	0	no_match
2528	0	0	no_match
2529	0	0	no_match
2530	0	0	no_match
2531	0	0	no_match
2532	0	0	no_match
2533	0	0	no_match
2534	0	0	no_match
2535	0	0	no_match
2536	0	0	no_match
2537	0	0	no_match
2538	0	0	no_match
2539	0	0	no_match
2540	0	0	no_match
2541	0	0	no_match
2542	0	0	no_match
2543	0	0	no_match
2544	0	0	no_match
2545	0	0	no_match
2546	0	0	no_match
2547	0	0	no_match
2548	0	0	no_match
2549	0	0	no_match
2550	0	0	no_match
2551	0	0	no_match
2552	0	0	no_match
2553	0	0	no_match
2554	0	0	no_match
2555	0	0	no_match
2556	0	0	no_match
2557	0	0	no_match
2558	0	0	no_match
2559	0	0	no_match
2560	0	0	no_match
2561	0	0	no_match
2562	0	0	no_match
2563	0	0	no_match
2564	0	0	no_match
2565	0	0	no_match
2566	0	0	no_match
2567	0	0	no_match
2568	0	0	no_match
2569	0	0	no_match
2570	0	0	no_match
2571	0	0	no_match
2572	0	0	no_match
2573	0	0	no_match
2574	0	0	no_match
2575	0	0	no_match
2576	0	0	no_match
2577	0	0	no_match
2578	0	0	no_match
2579	0	0	no_match
2580	0	0	no_match
2581	0	0	no_match
2582	0	0	no_match
2583	0	0	no_match
2584	0	0	no_match
2585	0	0	no_match
2586	0	0	no_match
2587	0	0	no_match
2588	0	0	no_match
2589	0	0	no_match
2590	0	0	no_match
2591	0	0	no_match
2592	0	0	no_match
2593	0	0	no_match
2594	0	0	no_match
2595	0	0	no_match
2596	0	0	no_match
2597	0	0	no_match
2598	0	0	no_match
2599	0	0	no_match
2600	0	0	no_match
2601	0	0	no_match
2602	0	0	no_match
2603	0	0	no_match
2604	0	0	no_match
2605	0	0	no_match
2606	0	0	no_match
2607	0	0	no_match
2608	0	0	no_match
2609	0	0	no_match
2610	0	0	no_match
2611	0	0	no_match
2612	0	0	no_match
2613	0	0	no_match
2614	0	0	no_match
2615	0	0	no_match
2616	0	0	no_match
2617	0	0	no_match
2618	0	0	no_match
2619	0	0	no_match
2620	0	0	no_match
2621	0	0	no_match
2622	0	0	no_match
2623	0	0	no_match
2624	0	0	no_match
2625	0	0	no_match
2626	0	0	no_match
2627	0	0	no_match
2628	0	0	no_match
2629	0	0	no_match
2630	0	0	no_match
2631	0	0	no_match
2632	0	0	no_match
2633	0	0	no_match
2634	0	0	no_match
2635	0	0	no_match
2636	0	0	no_match
2637	0	0	no_match
2638	0	0	no_match
2639	0	0	no_match
2640	0	0	no_match
2641	0	0	no_match
2642	0	0	no_match
2643	0	0	no_match
2644	0	0	no_match
2645	0	0	no_match
2646	0	0	no_match
2647	0	0	no_match
2648	0	0	no_match
2649	0	0	no_match
2650	0	0	no_match
2651	0	0	no_match
2652	0	0	no_match
2653	0	0	no_match
2654	0	0	no_match
2655	0	0	no_match
2656	0	0	no_match
2657	0	0	no_match
2658	0	0	no_match
2659	0	0	no_match
2660	0	0	no_match
2661	0	0	no_match
2662	0	0	no_match
2663	0	0	no_match
2664	0	0	no_match
2665	0	0	no_match
2666	0	0	no_match
2667	0	0	no_match
2668	0	0	no_match
2669	0	0	no_match
2670	0	0	no_match
2671	0	0	no_match
2672	0	0	no_match
2673	0	0	no_match
2674	0	0	no_match
2675	0	0	no_match
2676	0	0	no_match
2677	0	0	no_match
2678	0	0	no_match
2679	0	0	no_match
2680	0	0	no_match
2681	0	0	no_match
2682	0	0	no_match
2683	0	0	no_match
2684	0	0	no_match
2685	0	0	no_match
2686	0	0	no_match
2687	0	0	no_match
2688	0	0	no_match
2689	0	0	no_match
2690	0	0	no_match
2691	0	0	no_match
2692	0	0	no_match
2693	0	0	no_match
2694	0	0	no_match
2695	0	0	no_match
2696	0	0	no_match
2697	0	0	no_match
2698	0	0	no_match
2699	0	0	no_match
2700	0	0	no_match
2701	0	0	no_match
2702	0	0	no_match
2703	0	0	no_match
2704	0	0	no_match
2705	0	0	no_match
2706	0	0	no_match
2707	0	0	no_match
2708	0	0	no_match
2709	0	0	no_match
2710	0	0	no_match
2711	0	0	no_match
2712	0	0	no_match
2713	0	0	no_match
2714	0	0	no_match
2715	0	0	no_match
2716	0	0	no_match
2717	0	0	no_match
2718	0	0	no_match
2719	0	0	no_match
2720	0	0	no_match
2721	0	0	no_match
2722	0	0	no_match
2723	0	0	no_match
2724	0	0	no_match
2725	0	0	no_match
2726	0	0	no_match
2727	0	0	no_match
2728	0	0	no_match
2729	0	0	no_match
2730	0	0	no_match
2731	0	0	no_match
2732	0	0	no_match
2733	0	0	no_match
2734	0	0	no_match
2735	0	0	no_match
2736	0	0	no_match
2737	0	0	no_match
2738	0	0	no_match
2739	0	0	no_match
2740	0	0	no_match
2741	0	0	no_match
2742	0	0	no_match
2743	0	0	no_match
2744	0	0	no_match
2745	0	0	no_match
2746	0	0	no_match
2747	0	0	no_match
2748	0	0	no_match
2749	0	0	no_match
2750	0	0	no_match
2751	0	0	no_match
2752	0	0	no_match
2753	0	0	no_match
2754	0	0	no_match
2755	0	0	no_match
2756	0	0	no_match
2757	0	0	no_match
2758	0	0	no_match
2759	0	0	no_match
2760	0	0	no_match
2761	0	0	no_match
2762	0	0	no_match
2763	0	0	no_match
2764	0	0	no_match
2765	0	0	no_match
2766	0	0	no_match
2767	0	0	no_match
2768	0	0	no_match
2769	0	0	no_match
2770	0	0	no_match
2771	0	0	no_match
2772	0	0	no_match
2773	0	0	no_match
2774	0	0	no_match
2775	0	0	no_match
2776	0	0	no_match
2777	0	0	no_match
2778	0	0	no_match
2779	0	0	no_match
2780	0	0	no_match
2781	0	0	no_match
2782	0	0	no_match
2783	0	0	no_match
2784	0	0	no_match
2785	0	0	no_match
2786	0	0	no_match
2787	0	0	no_match
2788	0	0	no_match
2789	0	0	no_match
2790	0	0	no_match
2791	0	0	no_match
2792	0	0	no_match
2793	0	0	no_match
2794	0	0	no_match
2795	0	0	no_match
2796	0	0	no_match
2797	0	0	no_match
2798	0	0	no_match
2799	0	0	no_match
2800	0	0	no_match
2801	0	0	no_match
2802	0	0	no_match
2803	0	0	no_match
2804	0	0	no_match
2805	0	0	no_match
2806	0	0	no_match
2807	0	0	no_match
2808	0	0	no_match
2809	0	0	no_match
2810	0	0	no_match
2811	0	0	no_match
2812	0	0	no_match
2813	0	0	no_match
2814	0	0	no_match
2815	0	0	no_match
2816	0	0	no_match
2817	0	0	no_match
2818	0	0	no_match
2819	0	0	no_match
2820	0	0	no_match
2821	0	0	no_match
2822	0	0	no_match
2823	0	0	no_match
2824	0	0	no_match
2825	0	0	no_match
2826	0	0	no_match
2827	0	0	no_match
2828	0	0	no_match
2829	0	0	no_match
2830	0	0	no_match
2831	0	0	no_match
2832	0	0	no_match
2833	0	0	no_match
2834	0	0	no_match
2835	0	0	no_match
2836	0	0	no_match
2837	0	0	no_match
2838	0	0	no_match
2839	0	0	no_match
2840	0	0	no_match
2841	0	0	no_match
2842	0	0	no_match
2843	0	0	no_match
2844	0	0	no_match
2845	0	0	no_match
2846	0	0	no_match
2847	0	0	no_match
2848	0	0	no_match
2849	0	0	no_match
2850	0	0	no_match
2851	0	0	no_match
2852	0	0	no_match
2853	0	0	no_match
2854	0	0	no_match
2855	0	0	no_match
2856	0	0	no_match
2857	0	0	no_match
2858	0	0	no_match
2859	0	0	no_match
2860	0	0	no_match
2861	0	0	no_match
2862	0	0	no_match
2863	0	0	no_match
2864	0	0	no_match
2865	0	0	no_match
2866	0	0	no_match
2867	0	0	no_match
2868	0	0	no_match
2869	0	0	no_match
2870	0	0	no_match
2871	0	0	no_match
2872	0	0	no_match
2873	0	0	no_match
2874	0	0	no_match
2875	0	0	no_match
2876	0	0	no_match
2877	0	0	no_match
2878	0	0	no_match
2879	0	0	no_match
2880	0	0	no_match
2881	0	0	no_match
2882	0	0	no_match
2883	0	0	no_match
2884	0	0	no_match
2885	0	0	no_match
2886	0	0	no_match
2887	0	0	no_match
2888	0	0	no_match
2889	0	0	no_match
2890	0	0	no_match
2891	0	0	no_match
2892	0	0	no_match
2893	0	0	no_match
2894	0	0	no_match
2895	0	0	no_match
2896	0	0	no_match
2897	0	0	no_match
2898	0	0	no_match
2899	0	0	no_match
2900	0	0	no_match
2901	0	0	no_match
2902	0	0	no_match
2903	0	0	no_match
2904	0	0	no_match
2905	0	0	no_match
2906	0	0	no_match
2907	0	0	no_match
2908	0	0	no_match
2909	0	0	no_match
2910	0	0	no_match
2911	0	0	no_match
2912	0	0	no_match
2913	0	0	no_match
2914	0	0	no_match
2915	0	0	no_match
2916	0	0	no_match
2917	0	0	no_match
2918	0	0	no_match
2919	0	0	no_match
2920	0	0	no_match
2921	0	0	no_match
2922	0	0	no_match
2923	0	0	no_match
2924	0	0	no_match
2925	0	0	no_match
2926	0	0	no_match
2927	0	0	no_match
2928	0	0	no_match
2929	0	0	no_match
2930	0	0	no_match
2931	0	0	no_match
2932	0	0	no_match
2933	0	0	no_match
2934	0	0	no_match
2935	0	0	no_match
2936	0	0	no_match
2937	0	0	no_match
2938	0	0	no_match
2939	0	0	no_match
2940	0	0	no_match
2941	0	0	no_match
2942	0	0	no_match
2943	0	0	no_match
2944	0	0	no_match
2945	0	0	no_match
2946	0	0	no_match
2947	0	0	no_match
2948	0	0	no_match
2949	0	0	no_match
2950	0	0	no_match
2951	0	0	no_match
2952	0	0	no_match
2953	0	0	no_match
2954	0	0	no_match
2955	0	0	no_match
2956	0	0	no_match
2957	0	0	no_match
2958	0	0	no_match
2959	0	0	no_match
2960	0	0	no_match
2961	0	0	no_match
2962	0	0	no_match
2963	0	0	no_match
2964	0	0	no_match
2965	0	0	no_match
2966	0	0	no_match
2967	0	0	no_match
2968	0	0	no_match
2969	0	0	no_match
2970	0	0	no_match
2971	0	0	no_match
2972	0	0	no_match
2973	0	0	no_match
2974	0	0	no_match
2975	0	0	no_match
2976	0	0	no_match
2977	0	0	no_match
2978	0	0	no_match
2979	0	0	no_match
2980	0	0	no_match
2981	0	0	no_match
2982	0	0	no_match
2983	0	0	no_match
2984	0	0	no_match
2985	0	0	no_match
2986	0	0	no_match
2987	0	0	no_match
2988	0	0	no_match
2989	0	0	no_match
2990	0	0	no_match
2991	0	0	no_match
2992	0	0	no_match
2993	0	0	no_match
2994	0	0	no_match
2995	0	0	no_match
2996	0	0	no_match
2997	0	0	no_match
2998	0	0	no_match
2999	0	0	no_match
3000	0	0	no_match
3001	0	0	no_match
3002	0	0	no_match
3003	0	0	no_match
3004	0	0	no_match
3005	0	0	no_match
3006	0	0	no_match
3007	0	0	no_match
3008	0	0	no_match
3009	0	0	no_match
3010	0	0	no_match
3011	0	0	no_match
3012	0	0	no_match
3013	0	0	no_match
3014	0	0	no_match
3015	0	0	no_match
3016	0	0	no_match
3017	0	0	no_match
3018	0	0	no_match
3019	0	0	no_match
3020	0	0	no_match
3021	0	0	no_match
3022	0	0	no_match
3023	0	0	no_match
3024	0	0	no_match
3025	0	0	no_match
3026	0	0	no_match
3027	0	0	no_match
3028	0	0	no_match
3029	0	0	no_match
3030	0	0	no_match
3031	0	0	no_match
3032	0	0	no_match
3033	0	0	no_match
3034	0	0	no_match
3035	0	0	no_match
3036	0	0	no_match
3037	0	0	no_match
3038	0	0	no_match
3039	0	0	no_match
3040	0	0	no_match
3041	0	0	no_match
3042	0	0	no_match
3043	0	0	no_match
3044	0	0	no_match
3045	0	0	no_match
3046	0	0	no_match
3047	0	0	no_match
3048	0	0	no_match
3049	0	0	no_match
3050	0	0	no_match
3051	0	0	no_match
3052	0	0	no_match
3053	0	0	no_match
3054	0	0	no_match
3055	0	0	no_match
3056	0	0	no_match
3057	0	0	no_match
3058	0	0	no_match
3059	0	0	no_match
3060	0	0	no_match
3061	0	0	no_match
3062	0	0	no_match
3063	0	0	no_match
3064	0	0	no_match
3065	0	0	no_match
3066	0	0	no_match
3067	0	0	no_match
3068	0	0	no_match
3069	0	0	no_match
3070	0	0	no_match
3071	0	0	no_match
3072	0	0	no_match
3073	0	0	no_match
3074	0	0	no_match
3075	0	0	no_match
3076	0	0	no_match
3077	0	0	no_match
3078	0	0	no_match
3079	0	0	no_match
3080	0	0	no_match
3081	0	0	no_match
3082	0	0	no_match
3083	0	0	no_match
3084	0	0	no_match
3085	0	0	no_match
3086	0	0	no_match
3087	0	0	no_match
3088	0	0	no_match
3089	0	0	no_match
3090	0	0	no_match
3091	0	0	no_match
3092	0	0	no_match
3093	0	0	no_match
3094	0	0	no_match
3095	0	0	no_match
3096	0	0	no_match
3097	0	0	no_match
3098	0	0	no_match
3099	0	0	no_match
3100	0	0	no_match
3101	0	0	no_match
3102	0	0	no_match
3103	0	0	no_match
3104	0	0	no_match
3105	0	0	no_match
3106	0	0	no_match
3107	0	0	no_match
3108	0	0	no_match
3109	0	0	no_match
3110	0	0	no_match
3111	0	0	no_match
3112	0	0	no_match
3113	0	0	no_match
3114	0	0	no_match
3115	0	0	no_match
3116	0	0	no_match
3117	0	0	no_match
3118	0	0	no_match
3119	0	0	no_match
3120	0	0	no_match
3121	0	0	no_match
3122	0	0	no_match
3123	0	0	no_match
3124	0	0	no_match
3125	0	0	no_match
3126	0	0	no_match
3127	0	0	no_match
3128	0	0	no_match
3129	0	0	no_match
3130	0	0	no_match
3131	0	0	no_match
3132	0	0	no_match
3133	0	0	no_match
3134	0	0	no_match
3135	0	0	no_match
3136	0	0	no_match
3137	0	0	no_match
3138	0	0	no_match
3139	0	0	no_match
3140	0	0	no_match
3141	0	0	no_match
3142	0	0	no_match
3143	0	0	no_match
3144	0	0	no_match
3145	0	0	no_match
3146	0	0	no_match
3147	0	0	no_match
3148	0	0	no_match
3149	0	0	no_match
3150	0	0	no_match
3151	0	0	no_match
3152	0	0	no_match
3153	0	0	no_match
3154	0	0	no_match
3155	0	0	no_match
3156	0	0	no_match
3157	0	0	no_match
3158	0	0	no_match
3159	0	0	no_match
3160	0	0	no_match
3161	0	0	no_match
3162	0	0	no_match
3163	0	0	no_match
3164	0	0	no_match
3165	0	0	no_match
3166	0	0	no_match
3167	0	0	no_match
3168	0	0	no_match
3169	0	0	no_match
3170	0	0	no_match
3171	0	0	no_match
3172	0	0	no_match
3173	0	0	no_match
3174	0	0	no_match
3175	0	0	no_match
3176	0	0	no_match
3177	0	0	no_match
3178	0	0	no_match
3179	0	0	no_match
3180	0	0	no_match
3181	0	0	no_match
3182	0	0	no_match
3183	0	0	no_match
3184	0	0	no_match
3185	0	0	no_match
3186	0	0	no_match
3187	0	0	no_match
3188	0	0	no_match
3189	0	0	no_match
3190	0	0	no_match
3191	0	0	no_match
3192	0	0	no_match
3193	0	0	no_match
3194	0	0	no_match
3195	0	0	no_match
3196	0	0	no_match
3197	0	0	no_match
3198	0	0	no_match
3199	0	0	no_match
3200	0	0	no_match
3201	0	0	no_match
3202	0	0	no_match
3203	0	0	no_match
3204	0	0	no_match
3205	0	0	no_match
3206	0	0	no_match
3207	0	0	no_match
3208	0	0	no_match
3209	0	0	no_match
3210	0	0	no_match
3211	0	0	no_match
3212	0	0	no_match
3213	0	0	no_match
3214	0	0	no_match
3215	0	0	no_match
3216	0	0	no_match
3217	0	0	no_match
3218	0	0	no_match
3219	0	0	no_match
3220	0	0	no_match
3221	0	0	no_match
3222	0	0	no_match
3223	0	0	no_match
3224	0	0	no_match
3225	0	0	no_match
3226	0	0	no_match
3227	0	0	no_match
3228	0	0	no_match
3229	0	0	no_match
3230	0	0	no_match
3231	0	0	no_match
3232	0	0	no_match
3233	0	0	no_match
3234	0	0	no_match
3235	0	0	no_match
3236	0	0	no_match
3237	0	0	no_match
3238	0	0	no_match
3239	0	0	no_match
3240	0	0	no_match
3241	0	0	no_match
3242	0	0	no_match
3243	0	0	no_match
3244	0	0	no_match
3245	0	0	no_match
3246	0	0	no_match
3247	0	0	no_match
3248	0	0	no_match
3249	0	0	no_match
3250	0	0	no_match
3251	0	0	no_match
3252	0	0	no_match
3253	0	0	no_match
3254	0	0	no_match
3255	0	0	no_match
3256	0	0	no_match
3257	0	0	no_match
3258	0	0	no_match
3259	0	0	no_match
3260	0	0	no_match
3261	0	0	no_match
3262	0	0	no_match
3263	0	0	no_match
3264	0	0	no_match
3265	0	0	no_match
3266	0	0	no_match
3267	0	0	no_match
3268	0	0	no_match
3269	0	0	no_match
3270	0	0	no_match
3271	0	0	no_match
3272	0	0	no_match
3273	0	0	no_match
3274	0	0	no_match
3275	0	0	no_match
3276	0	0	no_match
3277	0	0	no_match
3278	0	0	no_match
3279	0	0	no_match
3280	0	0	no_match
3281	0	0	no_match
3282	0	0	no_match
3283	0	0	no_match
3284	0	0	no_match
3285	0	0	no_match
3286	0	0	no_match
3287	0	0	no_match
3288	0	0	no_match
3289	0	0	no_match
3290	0	0	no_match
3291	0	0	no_match
3292	0	0	no_match
3293	0	0	no_match
3294	0	0	no_match
3295	0	0	no_match
3296	0	0	no_match
3297	0	0	no_match
3298	0	0	no_match
3299	0	0	no_match
3300	0	0	no_match
3301	0	0	no_match
3302	0	0	no_match
3303	0	0	no_match
3304	0	0	no_match
3305	0	0	no_match
3306	0	0	no_match
3307	0	0	no_match
3308	0	0	no_match
3309	0	0	no_match
3310	0	0	no_match
3311	0	0	no_match
3312	0	0	no_match
3313	0	0	no_match
3314	0	0	no_match
3315	0	0	no_match
3316	0	0	no_match
3317	0	0	no_match
3318	0	0	no_match
3319	0	0	no_match
3320	0	0	no_match
3321	0	0	no_match
3322	0	0	no_match
3323	0	0	no_match
3324	0	0	no_match
3325	0	0	no_match
3326	0	0	no_match
3327	0	0	no_match
3328	0	0	no_match
3329	0	0	no_match
3330	0	0	no_match
3331	0	0	no_match
3332	0	0	no_match
3333	0	0	no_match
3334	0	0	no_match
3335	0	0	no_match
3336	0	0	no_match
3337	0	0	no_match
3338	0	0	no_match
3339	0	0	no_match
3340	0	0	no_match
3341	0	0	no_match
3342	0	0	no_match
3343	0	0	no_match
3344	0	0	no_match
3345	0	0	no_match
3346	0	0	no_match
3347	0	0	no_match
3348	0	0	no_match
3349	0	0	no_match
3350	0	0	no_match
3351	0	0	no_match
3352	0	0	no_match
3353	0	0	no_match
3354	0	0	no_match
3355	0	0	no_match
3356	0	0	no_match
3357	0	0	no_match
3358	0	0	no_match
3359	0	0	no_match
3360	0	0	no_match
3361	0	0	no_match
3362	0	0	no_match
3363	0	0	no_match
3364	0	0	no_match
3365	0	0	no_match
3366	0	0	no_match
3367	0	0	no_match
3368	0	0	no_match
3369	0	0	no_match
3370	0	0	no_match
3371	0	0	no_match
3372	0	0	no_match
3373	0	0	no_match
3374	0	0	no_match
3375	0	0	no_match
3376	0	0	no_match
3377	0	0	no_match
3378	0	0	no_match
3379	0	0	no_match
3380	0	0	no_match
3381	0	0	no_match
3382	0	0	no_match
3383	0	0	no_match
3384	0	0	no_match
3385	0	0	no_match
3386	0	0	no_match
3387	0	0	no_match
3388	0	0	no_match
3389	0	0	no_match
3390	0	0	no_match
3391	0	0	no_match
3392	0	0	no_match
3393	0	0	no_match
3394	0	0	no_match
3395	0	0	no_match
3396	0	0	no_match
3397	0	0	no_match
3398	0	0	no_match
3399	0	0	no_match
3400	0	0	no_match
3401	0	0	no_match
3402	0	0	no_match
3403	0	0	no_match
3404	0	0	no_match
3405	0	0	no_match
3406	0	0	no_match
3407	0	0	no_match
3408	0	0	no_match
3409	0	0	no_match
3410	0	0	no_match
3411	0	0	no_match
3412	0	0	no_match
3413	0	0	no_match
3414	0	0	no_match
3415	0	0	no_match
3416	0	0	no_match
3417	0	0	no_match
3418	0	0	no_match
3419	0	0	no_match
3420	0	0	no_match
3421	0	0	no_match
3422	0	0	no_match
3423	0	0	no_match
3424	0	0	no_match
3425	0	0	no_match
3426	0	0	no_match
3427	0	0	no_match
3428	0	0	no_match
3429	0	0	no_match
3430	0	0	no_match
3431	0	0	no_match
3432	0	0	no_match
3433	0	0	no_match
3434	0	0	no_match
3435	0	0	no_match
3436	0	0	no_match
3437	0	0	no_match
3438	0	0	no_match
3439	0	0	no_match
3440	0	0	no_match
3441	0	0	no_match
3442	0	0	no_match
3443	0	0	no_match
3444	0	0	no_match
3445	0	0	no_match
3446	0	0	no_match
3447	0	0	no_match
3448	0	0	no_match
3449	0	0	no_match
3450	0	0	no_match
3451	0	0	no_match
3452	0	0	no_match
3453	0	0	no_match
3454	0	0	no_match
3455	0	0	no_match
3456	0	0	no_match
3457	0	0	no_match
3458	0	0	no_match
3459	0	0	no_match
3460	0	0	no_match
3461	0	0	no_match
3462	0	0	no_match
3463	0	0	no_match
3464	0	0	no_match
3465	0	0	no_match
3466	0	0	no_match
3467	0	0	no_match
3468	0	0	no_match
3469	0	0	no_match
3470	0	0	no_match
3471	0	0	no_match
3472	0	0	no_match
3473	0	0	no_match
3474	0	0	no_match
3475	0	0	no_match
3476	0	0	no_match
3477	0	0	no_match
3478	0	0	no_match
3479	0	0	no_match
3480	0	0	no_match
3481	0	0	no_match
3482	0	0	no_match
3483	0	0	no_match
3484	0	0	no_match
3485	0	0	no_match
3486	0	0	no_match
3487	0	0	no_match
3488	0	0	no_match
3489	0	0	no_match
3490	0	0	no_match
3491	0	0	no_match
3492	0	0	no_match
3493	0	0	no_match
3494	0	0	no_match
3495	0	0	no_match
3496	0	0	no_match
3497	0	0	no_match
3498	0	0	no_match
3499	0	0	no_match
3500	0	0	no_match
3501	0	0	no_match
3502	0	0	no_match
3503	0	0	no_match
3504	0	0	no_match
3505	0	0	no_match
3506	0	0	no_match
3507	0	0	no_match
3508	0	0	no_match
3509	0	0	no_match
3510	0	0	no_match
3511	0	0	no_match
3512	0	0	no_match
3513	0	0	no_match
3514	0	0	no_match
3515	0	0	no_match
3516	0	0	no_match
3517	0	0	no_match
3518	0	0	no_match
3519	0	0	no_match
3520	0	0	no_match
3521	0	0	no_match
3522	0	0	no_match
3523	0	0	no_match
3524	0	0	no_match
3525	0	0	no_match
3526	0	0	no_match
3527	0	0	no_match
3528	0	0	no_match
3529	0	0	no_match
3530	0	0	no_match
3531	0	0	no_match
3532	0	0	no_match
3533	0	0	no_match
3534	0	0	no_match
3535	0	0	no_match
3536	0	0	no_match
3537	0	0	no_match
3538	0	0	no_match
3539	0	0	no_match
3540	0	0	no_match
3541	0	0	no_match
3542	0	0	no_match
3543	0	0	no_match
3544	0	0	no_match
3545	0	0	no_match
3546	0	0	no_match
3547	0	0	no_match
3548	0	0	no_match
3549	0	0	no_match
3550	0	0	no_match
3551	0	0	no_match
3552	0	0	no_match
3553	0	0	no_match
3554	0	0	no_match
3555	0	0	no_match
3556	0	0	no_match
3557	0	0	no_match
3558	0	0	no_match
3559	0	0	no_match
3560	0	0	no_match
3561	0	0	no_match
3562	0	0	no_match
3563	0	0	no_match
3564	0	0	no_match
3565	0	0	no_match
3566	0	0	no_match
3567	0	0	no_match
3568	0	0	no_match
3569	0	0	no_match
3570	0	0	no_match
3571	0	0	no_match
3572	0	0	no_match
3573	0	0	no_match
3574	0	0	no_match
3575	0	0	no_match
3576	0	0	no_match
3577	0	0	no_match
3578	0	0	no_match
3579	0	0	no_match
3580	0	0	no_match
3581	0	0	no_match
3582	0	0	no_match
3583	0	0	no_match
3584	0	0	no_match
3585	0	0	no_match
3586	0	0	no_match
3587	0	0	no_match
3588	0	0	no_match
3589	0	0	no_match
3590	0	0	no_match
3591	0	0	no_match
3592	0	0	no_match
3593	0	0	no_match
3594	0	0	no_match
3595	0	0	no_match
3596	0	0	no_match
3597	0	0	no_match
3598	0	0	no_match
3599	0	0	no_match
3600	0	0	no_match
3601	0	0	no_match
3602	0	0	no_match
3603	0	0	no_match
3604	0	0	no_match
3605	0	0	no_match
3606	0	0	no_match
3607	0	0	no_match
3608	0	0	no_match
3609	0	0	no_match
3610	0	0	no_match
3611	0	0	no_match
3612	0	0	no_match
3613	0	0	no_match
3614	0	0	no_match
3615	0	0	no_match
3616	0	0	no_match
3617	0	0	no_match
3618	0	0	no_match
3619	0	0	no_match
3620	0	0	no_match
3621	0	0	no_match
3622	0	0	no_match
3623	0	0	no_match
3624	0	0	no_match
3625	0	0	no_match
3626	0	0	no_match
3627	0	0	no_match
3628	0	0	no_match
3629	0	0	no_match
3630	0	0	no_match
3631	0	0	no_match
3632	0	0	no_match
3633	0	0	no_match
3634	0	0	no_match
3635	0	0	no_match
3636	0	0	no_match
3637	0	0	no_match
3638	0	0	no_match
3639	0	0	no_match
3640	0	0	no_match
3641	0	0	no_match
3642	0	0	no_match
3643	0	0	no_match
3644	0	0	no_match
3645	0	0	no_match
3646	0	0	no_match
3647	0	0	no_match
3648	0	0	no_match
3649	0	0	no_match
3650	0	0	no_match
3651	0	0	no_match
3652	0	0	no_match
3653	0	0	no_match
3654	0	0	no_match
3655	0	0	no_match
3656	0	0	no_match
3657	0	0	no_match
3658	0	0	no_match
3659	0	0	no_match
3660	0	0	no_match
3661	0	0	no_match
3662	0	0	no_match
3663	0	0	no_match
3664	0	0	no_match
3665	0	0	no_match
3666	0	0	no_match
3667	0	0	no_match
3668	0	0	no_match
3669	0	0	no_match
3670	0	0	no_match
3671	0	0	no_match
3672	0	0	no_match
3673	0	0	no_match
3674	0	0	no_match
3675	0	0	no_match
3676	0	0	no_match
3677	0	0	no_match
3678	0	0	no_match
3679	0	0	no_match
3680	0	0	no_match
3681	0	0	no_match
3682	0	0	no_match
3683	0	0	no_match
3684	0	0	no_match
3685	0	0	no_match
3686	0	0	no_match
3687	0	0	no_match
3688	0	0	no_match
3689	0	0	no_match
3690	0	0	no_match
3691	0	0	no_match
3692	0	0	no_match
3693	0	0	no_match
3694	0	0	no_match
3695	0	0	no_match
3696	0	0	no_match
3697	0	0	no_match
3698	0	0	no_match
3699	0	0	no_match
3700	0	0	no_match
3701	0	0	no_match
3702	0	0	no_match
3703	0	0	no_match
3704	0	0	no_match
3705	0	0	no_match
3706	0	0	no_match
3707	0	0	no_match
3708	0	0	no_match
3709	0	0	no_match
3710	0	0	no_match
3711	0	0	no_match
3712	0	0	no_match
3713	0	0	no_match
3714	0	0	no_match
3715	0	0	no_match
3716	0	0	no_match
3717	0	0	no_match
3718	0	0	no_match
3719	0	0	no_match
3720	0	0	no_match
3721	0	0	no_match
3722	0	0	no_match
3723	0	0	no_match
3724	0	0	no_match
3725	0	0	no_match
3726	0	0	no_match
3727	0	0	no_match
3728	0	0	no_match
3729	0	0	no_match
3730	0	0	no_match
3731	0	0	no_match
3732	0	0	no_match
3733	0	0	no_match
3734	0	0	no_match
3735	0	0	no_match
3736	0	0	no_match
3737	0	0	no_match
3738	0	0	no_match
3739	0	0	no_match
3740	0	0	no_match
3741	0	0	no_match
3742	0	0	no_match
3743	0	0	no_match
3744	0	0	no_match
3745	0	0	no_match
3746	0	0	no_match
3747	0	0	no_match
3748	0	0	no_match
3749	0	0	no_match
3750	0	0	no_match
3751	0	0	no_match
3752	0	0	no_match
3753	0	0	no_match
3754	0	0	no_match
3755	0	0	no_match
3756	0	0	no_match
3757	0	0	no_match
3758	0	0	no_match
3759	0	0	no_match
3760	0	0	no_match
3761	0	0	no_match
3762	0	0	no_match
3763	0	0	no_match
3764	0	0	no_match
3765	0	0	no_match
3766	0	0	no_match
3767	0	0	no_match
3768	0	0	no_match
3769	0	0	no_match
3770	0	0	no_match
3771	0	0	no_match
3772	0	0	no_match
3773	0	0	no_match
3774	0	0	no_match
3775	0	0	no_match
3776	0	0	no_match
3777	0	0	no_match
3778	0	0	no_match
3779	0	0	no_match
3780	0	0	no_match
3781	0	0	no_match
3782	0	0	no_match
3783	0	0	no_match
3784	0	0	no_match
3785	0	0	no_match
3786	0	0	no_match
3787	0	0	no_match
3788	0	0	no_match
3789	0	0	no_match
3790	0	0	no_match
3791	0	0	no_match
3792	0	0	no_match
3793	0	0	no_match
3794	0	0	no_match
3795	0	0	no_match
3796	0	0	no_match
3797	0	0	no_match
3798	0	0	no_match
3799	0	0	no_match
3800	0	0	no_match
3801	0	0	no_match
3802	0	0	no_match
3803	0	0	no_match
3804	0	0	no_match
3805	0	0	no_match
3806	0	0	no_match
3807	0	0	no_match
3808	0	0	no_match
3809	0	0	no_match
3810	0	0	no_match
3811	0	0	no_match
3812	0	0	no_match
3813	0	0	no_match
3814	0	0	no_match
3815	0	0	no_match
3816	0	0	no_match
3817	0	0	no_match
3818	0	0	no_match
3819	0	0	no_match
3820	0	0	no_match
3821	0	0	no_match
3822	0	0	no_match
3823	0	0	no_match
3824	0	0	no_match
3825	0	0	no_match
3826	0	0	no_match
3827	0	0	no_match
3828	0	0	no_match
3829	0	0	no_match
3830	0	0	no_match
3831	0	0	no_match
3832	0	0	no_match
3833	0	0	no_match
3834	0	0	no_match
3835	0	0	no_match
3836	0	0	no_match
3837	0	0	no_match
3838	0	0	no_match
3839	0	0	no_match
3840	0	0	no_match
3841	0	0	no_match
3842	0	0	no_match
3843	0	0	no_match
3844	0	0	no_match
3845	0	0	no_match
3846	0	0	no_match
3847	0	0	no_match
3848	0	0	no_match
3849	0	0	no_match
3850	0	0	no_match
3851	0	0	no_match
3852	0	0	no_match
3853	0	0	no_match
3854	0	0	no_match
3855	0	0	no_match
3856	0	0	no_match
3857	0	0	no_match
3858	0	0	no_match
3859	0	0	no_match
3860	0	0	no_match
3861	0	0	no_match
3862	0	0	no_match
3863	0	0	no_match
3864	0	0	no_match
3865	0	0	no_match
3866	0	0	no_match
3867	0	0	no_match
3868	0	0	no_match
3869	0	0	no_match
3870	0	0	no_match
3871	0	0	no_match
3872	0	0	no_match
3873	0	0	no_match
3874	0	0	no_match
3875	0	0	no_match
3876	0	0	no_match
3877	0	0	no_match
3878	0	0	no_match
3879	0	0	no_match
3880	0	0	no_match
3881	0	0	no_match
3882	0	0	no_match
3883	0	0	no_match
3884	0	0	no_match
3885	0	0	no_match
3886	0	0	no_match
3887	0	0	no_match
3888	0	0	no_match
3889	0	0	no_match
3890	0	0	no_match
3891	0	0	no_match
3892	0	0	no_match
